maxord,nonlin_conv_coef,max_conv_fails,fixedpointvecs,eta_cf,eta_max_fx,eta_min_fx,eta_max_gs,eta_min,eta_min_ef,runtime
3,0.575374,27,4,0.249964,14.678882,14.429838,12.504679,0.451938,0.341657,269.626781
1,0.615686,29,15,0.820664,7.501513,0.732808,10.128565,0.177043,0.475187,235.302393
3,0.024869,33,14,0.273037,4.512786,4.247341,2.800518,0.160535,0.114545,283.986977
4,0.652217,10,7,0.40016,14.574109,8.226787,0.785153,0.684822,0.56343,283.447192
2,0.126371,28,5,0.343674,13.001954,10.275275,16.448456,0.290437,0.665238,282.608998
2,0.223132,45,17,0.264073,7.81059,1.418216,0.339394,0.246764,0.017133,257.142396
2,0.15551,42,8,0.318881,6.643849,1.796671,4.019654,0.935072,0.311141,281.399323
3,0.737147,26,17,0.792758,6.21628,1.297787,19.067238,0.868843,0.416848,284.640369
2,0.259642,28,7,0.71592,8.555541,0.355989,11.315436,0.073999,0.037196,271.506208
2,0.596175,23,20,0.706131,17.008621,0.174349,5.075872,0.192643,0.752142,294.390215
2,0.862915,47,11,0.13021,3.345804,2.059229,0.49798,0.670801,0.813118,313.852481
4,0.212155,26,14,0.032458,16.125378,7.996186,12.568354,0.417357,0.594383,261.75573
5,0.673313,13,2,0.383354,2.558168,0.3121,13.784807,0.559007,0.575044,288.187378
1,0.229001,24,17,0.289471,11.943725,6.089744,8.173872,0.722548,0.230372,266.303143
3,0.678822,3,10,0.878399,9.737356,7.894124,7.307433,0.796745,0.624492,273.263066
2,0.25674,39,12,0.686891,9.373697,2.796518,1.622265,0.139546,0.055473,285.54883
1,0.817585,35,4,0.870937,8.888513,0.239967,8.436031,0.433179,0.890399,273.168406
3,0.0605,14,11,0.385326,8.704165,4.070968,15.135001,0.162879,0.288636,267.163902
4,0.568987,4,16,0.267612,18.974392,7.480413,1.759466,0.082574,0.850759,100000000.0
4,0.74085,12,16,0.761593,10.915331,0.467909,19.842387,0.414988,0.330185,259.754135
3,0.235237,31,4,0.542684,15.725953,6.815581,3.988365,0.351764,0.233645,277.069876
1,0.314431,11,19,0.213204,2.157454,0.865329,5.989514,0.060582,0.651172,256.348217
2,0.299953,11,4,0.569193,7.774026,5.904275,12.831398,0.840014,0.815963,278.527858
4,0.254742,4,19,0.124149,19.898514,4.397783,11.143768,0.448633,0.490495,275.418604
4,0.705458,10,3,0.034918,2.222358,0.007574,5.190874,0.119353,0.857781,292.589507
3,0.042405,45,17,0.428234,4.468404,2.669148,5.559575,0.412018,0.13108,284.474787
2,0.403659,19,4,0.105493,16.588683,5.00959,15.235313,0.430111,0.374812,286.767762
1,0.101008,50,2,0.027104,17.04941,3.658998,14.264894,0.804561,0.388082,268.033106
2,0.196026,27,5,0.612717,6.510814,0.689889,10.811681,0.565753,0.770626,100000000.0
4,0.385013,41,16,0.424939,14.320787,5.983216,9.571146,0.368134,0.802762,280.027045
3,0.167607,26,18,0.363153,17.708648,17.188824,11.787068,0.069001,0.297825,261.349822
4,0.338041,9,7,0.774116,9.844088,2.573252,1.703813,0.622181,0.235487,283.880893
3,0.094939,44,17,0.596636,16.537492,13.123772,17.185496,0.252175,0.287696,283.064486
2,0.298112,5,18,0.670334,16.827628,7.868433,18.681944,0.017536,0.424986,251.048642
2,0.076184,19,14,0.51939,11.193893,3.809059,19.706235,0.178692,0.489527,276.477116
2,0.400199,29,2,0.301153,10.935249,6.352861,19.142292,0.852279,0.095232,246.169607
2,0.198808,40,10,0.371689,12.664896,10.580845,17.857597,0.312815,0.659458,275.584909
1,0.290536,28,17,0.377587,10.84873,6.160163,11.595525,0.317187,0.602371,343.69773
2,0.08517,27,5,0.336948,17.085336,8.238782,10.696366,0.740772,0.531332,278.009728
1,0.223082,15,9,0.209758,16.817216,12.192048,0.637889,0.021203,0.076384,263.532847
2,0.1329,24,13,0.704676,19.888774,7.11106,2.491393,0.66216,0.065128,291.976614
2,0.441937,4,12,0.021523,16.288957,12.879968,3.442333,0.0588,0.18109,276.260253
4,0.071354,24,19,0.317993,13.015604,0.62356,7.977562,0.634527,0.270338,283.528638
2,0.769696,46,10,0.330241,9.460111,7.774633,1.818512,0.267839,0.0477,282.223859
2,0.635933,48,18,0.072079,5.299914,0.593335,6.729879,0.302056,0.361841,100000000.0
4,0.708458,12,4,0.474695,12.320262,9.326286,2.625467,0.199931,0.102497,100000000.0
2,0.376227,11,7,0.24621,4.532826,0.95269,2.817531,0.123431,0.042856,297.989231
2,0.216487,46,14,0.58761,13.065234,10.615421,8.47374,0.494615,0.085142,267.021963
4,0.361522,24,15,0.554813,17.686147,12.249822,10.907147,0.646342,0.356819,268.989909
1,0.610842,4,4,0.380825,14.533578,0.101111,16.247965,0.190961,0.807643,239.579176
3,0.050922,39,17,0.606684,13.180505,3.253476,11.399271,0.482827,0.124262,278.540766
2,0.575657,10,7,0.268801,7.208653,1.998339,16.218994,0.549336,0.110064,268.800161
5,0.788139,5,9,0.498674,3.517434,1.483514,14.421846,0.011324,0.419334,282.044501
1,0.281907,12,14,0.259896,11.363892,9.784664,10.42694,0.38209,0.340833,261.883934
1,0.598066,28,3,0.421422,12.711692,2.411899,17.522455,0.585695,0.166271,234.239339
4,0.394837,5,11,0.579687,5.730883,1.918633,15.183932,0.558529,0.139075,280.866863
2,0.500492,42,6,0.407145,15.924423,15.824884,13.108383,0.399715,0.061644,287.711533
3,0.262982,12,11,0.524246,11.206088,11.104005,9.161948,0.973193,0.359101,268.639573
2,0.300973,24,11,0.056521,12.140297,10.212515,11.884338,0.392917,0.199536,272.742229
4,0.603045,44,2,0.768123,19.397231,1.633556,3.674558,0.603953,0.156262,273.813882
2,0.865745,23,13,0.120633,13.814727,8.435542,10.873155,0.134766,0.437654,253.403276
1,0.162374,37,15,0.154227,18.675646,11.213634,19.504419,0.248941,0.762298,245.664859
2,0.211407,15,12,0.170281,17.632882,16.023169,11.01564,0.417185,0.626947,260.64621
3,0.547229,49,11,0.303414,11.679923,6.712168,14.644508,0.068572,0.029717,262.838492
4,0.237184,35,8,0.220267,12.117721,12.050282,3.534721,0.178673,0.464863,278.786553
4,0.633873,22,3,0.111234,13.073458,10.291705,16.342805,0.862983,0.580768,211.70488
2,0.304987,37,9,0.403081,16.425458,0.355381,16.916013,0.427077,0.230021,289.900138
3,0.343967,16,12,0.720448,17.47525,1.84094,18.782583,0.639278,0.733524,249.478874
5,0.130899,26,5,0.04101,18.104892,6.575842,17.564059,0.196922,0.781009,279.901386
2,0.003372,28,6,0.160924,8.334823,3.802944,15.053268,0.948589,0.547666,100000000.0
4,0.193023,42,17,0.322904,17.943688,14.295621,6.668462,0.253734,0.649612,301.189248
2,0.701551,38,11,0.16961,13.424094,5.405913,16.994215,0.711823,0.002616,244.958431
4,0.852675,7,17,0.808332,17.533245,4.792193,5.265876,0.293437,0.55688,284.865817
2,0.578606,44,13,0.224215,16.461453,2.054936,11.355339,0.062863,0.422753,255.525766
4,0.321778,13,11,0.660361,17.145174,4.586396,9.449337,0.590932,0.348365,284.943542
4,0.102384,15,3,0.882431,2.75338,0.771478,9.263009,0.551491,0.23764,100000000.0
2,0.836148,11,12,0.523949,18.964377,11.077634,1.597395,0.699137,0.860617,100000000.0
4,0.00183,48,17,0.157043,1.2647,0.27343,3.808597,0.598535,0.567471,292.575985
1,0.00817,5,18,0.704429,19.287452,5.325257,3.655037,0.602925,0.805229,276.054458
4,0.881501,29,5,0.026611,17.86714,0.492222,3.889952,0.452184,0.748335,100000000.0
5,0.500585,41,2,0.848475,7.147436,7.046971,4.720637,0.134504,0.165019,278.162923
2,0.705632,5,7,0.077442,12.893539,9.997211,1.888157,0.074112,0.105118,285.054573
2,0.780727,43,16,0.770983,11.994271,6.662152,9.003244,0.34597,0.077371,270.142533
5,0.754891,37,15,0.397181,15.734484,14.991801,7.025237,0.165762,0.528857,270.015847
4,0.203009,7,11,0.002304,17.067341,5.370262,4.646428,0.161277,0.292425,278.945231
4,0.369144,19,5,0.428774,10.114468,5.008994,12.154591,0.380882,0.296594,257.856393
3,0.22834,44,5,0.434974,3.932592,1.563115,11.233909,0.516043,0.674674,288.106284
1,0.170979,27,19,0.33284,17.64691,7.529129,8.711538,0.673533,0.721853,264.861277
3,0.140516,8,2,0.029726,14.022451,9.002599,2.952313,0.985143,0.147766,274.316088
3,0.815538,30,12,0.767367,8.958369,4.726165,1.769178,0.681393,0.68439,286.122007
5,0.80652,24,15,0.350559,17.290706,14.035676,5.382669,0.231249,0.053906,275.309777
1,0.273683,16,6,0.398433,4.016022,0.713022,14.02145,0.082145,0.534204,218.388447
2,0.498465,17,9,0.159251,1.872997,1.681114,13.957908,0.671755,0.381131,281.454602
4,0.181475,20,10,0.875137,19.248509,12.687043,3.390067,0.782155,0.65585,286.592714
3,0.458871,32,17,0.348523,14.767554,9.345596,8.021257,0.38417,0.408773,279.226358
1,0.389147,9,8,0.239692,4.476155,0.13503,1.307913,0.15574,0.186502,263.334033
3,0.690922,10,4,0.650374,13.942144,4.372646,14.521154,0.658583,0.18139,262.610362
3,0.170126,3,12,0.780492,10.141753,9.745418,11.443646,0.946247,0.269205,258.501117
2,0.474298,16,19,0.328141,11.560677,4.256716,6.580363,0.847998,0.417307,265.974133
4,0.553886,4,2,0.767055,12.233539,8.264189,12.804306,0.065938,0.584332,330.683917
5,0.221206,43,12,0.661077,12.484317,8.106242,11.141344,0.602665,0.852843,345.659654
2,0.051199,40,1,0.75352,10.192801,5.947239,14.715632,0.587281,0.388364,257.09342
2,0.346278,6,11,0.544285,18.324164,5.807632,5.784569,0.214661,0.275337,280.623056
1,0.73712,28,1,0.343075,10.837231,8.047135,7.101666,0.485842,0.28738,265.03691
3,0.457556,43,12,0.057246,4.446415,2.164333,12.152472,0.343277,0.672383,335.648564
2,0.129281,7,10,0.86749,15.409733,14.159409,4.063905,0.843112,0.320737,279.684346
4,0.766225,42,15,0.214798,4.989377,0.230896,17.851845,0.85468,0.196085,274.467541
1,0.620835,33,5,0.350417,6.476301,5.122393,6.3612,0.629414,0.880347,274.025358
2,0.841733,23,15,0.340346,1.626821,1.461235,7.526317,0.926006,0.398303,282.554712
3,0.760993,24,7,0.594481,10.743996,5.784892,13.694598,0.517864,0.225674,265.688784
3,0.581375,45,12,0.692955,16.367057,3.07967,19.877201,0.302101,0.053677,246.036319
3,0.79608,10,16,0.201682,11.767003,0.708519,6.964327,0.760011,0.815934,100000000.0
3,0.759361,7,16,0.412234,8.421161,1.98597,16.899294,0.734675,0.163459,266.328267
5,0.820011,12,5,0.022352,12.972677,1.953321,12.213322,0.182466,0.665762,279.767366
4,0.582184,5,10,0.253105,16.127968,6.830913,10.45372,0.678702,0.509691,280.623282
1,0.508707,32,10,0.30588,7.246772,3.78786,11.496587,0.334083,0.787374,276.369542
2,0.454891,8,4,0.287694,2.319274,1.329213,6.090172,0.20819,0.243588,277.165102
2,0.235785,4,3,0.632063,9.435024,2.386926,5.311415,0.089701,0.199892,285.735711
3,0.312029,38,5,0.798672,19.760457,12.11653,8.949781,0.655396,0.716624,270.745353
5,0.185574,46,8,0.612877,14.010658,13.508981,4.136213,0.154253,0.014755,263.04897
3,0.118101,16,7,0.758879,12.46044,1.394639,10.371143,0.346478,0.155098,271.878926
3,0.88487,30,2,0.654932,11.491317,9.532874,16.417283,0.28099,0.790584,280.794817
2,0.003842,23,11,0.070203,14.947526,0.56458,0.641403,0.168288,0.279235,265.923985
4,0.844457,28,10,0.081137,18.67569,2.652871,13.360317,0.365745,0.219839,281.48023
4,0.391962,29,2,0.836317,19.268601,6.123238,2.711666,0.066714,0.181013,300.587435
2,0.269115,20,9,0.242937,7.732828,1.943016,19.006425,0.404156,0.369887,260.855929
3,0.068003,6,3,0.388977,11.032197,4.159751,18.193199,0.092636,0.078892,256.175096
2,0.701655,48,9,0.053425,13.544394,2.376532,0.079602,0.547778,0.721213,274.047003
1,0.677816,11,4,0.246162,13.696887,1.688736,10.356557,0.529848,0.157683,267.518338
2,0.689167,23,8,0.542907,11.427236,2.007782,19.672667,0.43055,0.231059,256.36128
2,0.107478,27,8,0.596319,19.706674,16.941039,6.903236,0.599621,0.690841,297.109353
1,0.653009,10,13,0.337658,15.591268,9.856422,19.35481,0.158546,0.666306,244.445311
4,0.140844,49,14,0.249612,8.344419,0.516637,12.835665,0.941249,0.632269,274.209844
5,0.685301,4,13,0.628591,12.899851,12.384108,15.35327,0.873046,0.322324,249.428582
1,0.271231,5,7,0.044331,14.584162,13.671185,19.831918,0.926113,0.810598,239.14494
2,0.841082,48,7,0.041455,12.380751,5.70904,16.42621,0.183471,0.246932,248.257938
3,0.163195,3,14,0.152603,15.795868,1.314771,4.895652,0.234943,0.163644,278.721424
4,0.029017,48,1,0.066964,11.826602,3.425729,10.563424,0.600958,0.823445,276.12553
4,0.511178,25,2,0.000828,19.778332,15.734936,16.97642,0.482946,0.275908,294.54574
2,0.018826,34,5,0.272436,14.117539,1.257464,3.713751,0.214028,0.824601,100000000.0
2,0.419572,39,5,0.345775,16.073899,2.476735,19.936364,0.638453,0.461899,267.519965
4,0.240299,45,18,0.395392,9.038008,1.362402,3.318397,0.913981,0.011525,274.843014
4,0.787245,9,5,0.223782,19.971017,3.884558,6.010154,0.168459,0.670443,296.928081
3,0.551442,38,20,0.878382,4.559008,3.637277,16.761236,0.694298,0.355046,279.045442
1,0.000957,7,6,0.791205,9.504996,8.542905,1.152359,0.574733,0.432374,271.764407
3,0.709128,46,10,0.371028,3.68712,2.606712,19.243148,0.419465,0.609032,282.706262
3,0.878432,40,1,0.548139,14.847286,4.692704,6.167151,0.102306,0.328759,278.263303
2,0.724862,19,18,0.118475,11.765638,4.555239,1.221407,0.150388,0.830405,284.024682
2,0.185914,23,14,0.87212,16.70737,10.566099,14.462218,0.624227,0.504628,275.24106
3,0.156928,6,18,0.108405,18.268848,6.100223,6.126592,0.452436,0.430542,279.890517
5,0.555621,17,3,0.309894,19.665041,8.473511,18.810614,0.444027,0.498565,275.72912
5,0.608748,36,12,0.342806,6.132772,0.957531,19.377365,0.137929,0.277014,296.006822
4,0.529506,38,18,0.111131,5.598161,2.424613,4.699446,0.952432,0.095439,269.732711
2,0.816331,38,17,0.610036,11.459058,6.488453,7.174739,0.733955,0.251703,281.908858
3,0.810071,10,8,0.124164,15.644982,1.182494,6.094384,0.855805,0.097851,266.762949
3,0.472117,38,7,0.184803,19.866201,2.873266,13.288473,0.471774,0.421889,274.919674
2,0.409949,15,14,0.867697,18.133407,5.86251,15.286965,0.97665,0.514305,254.471793
2,0.480465,28,3,0.206767,14.989851,0.281229,2.269742,0.923246,0.389619,100000000.0
2,0.371788,24,15,0.364326,5.994848,1.057496,0.254307,0.433696,0.149142,278.316722
5,0.870282,36,1,0.518749,0.974317,0.812239,16.352667,0.928285,0.701811,100000000.0
3,0.345194,47,16,0.105506,11.368798,8.637072,10.933936,0.565714,0.428675,264.987344
2,0.412585,14,13,0.065105,6.603075,2.291273,4.392529,0.416149,0.512348,285.795124
1,0.193902,16,7,0.266594,16.813004,16.273612,8.916947,0.94973,0.592086,278.886148
4,0.325481,11,8,0.862324,17.032042,0.46275,3.753996,0.098259,0.262368,280.926501
3,0.381904,25,16,0.047972,9.788406,0.054208,12.546434,0.878107,0.535168,100000000.0
5,0.678,17,10,0.191341,19.555382,18.17475,10.539113,0.375463,0.359083,252.350511
2,0.503632,32,20,0.204478,14.21716,12.450911,15.257682,0.440861,0.122137,256.497802
1,0.394849,11,17,0.650953,19.463188,19.401686,3.887808,0.507438,0.092908,270.367748
3,0.62553,19,7,0.443142,6.81891,5.048948,11.835254,0.646119,0.173988,273.886787
3,0.391037,29,8,0.059098,18.629644,1.761964,15.880791,0.319687,0.191841,272.413687
4,0.398591,13,6,0.838109,16.599486,11.377219,15.134608,0.632181,0.087601,253.917123
3,0.702979,42,6,0.207367,6.9819,0.467148,17.887647,0.728833,0.305474,276.95626
2,0.4241,33,6,0.87395,6.784457,4.65035,11.285265,0.210523,0.04365,285.316096
3,0.151078,35,15,0.544602,15.479393,12.537678,0.740155,0.400105,0.558799,290.271901
2,0.343295,7,14,0.75265,13.900542,4.266826,1.452682,0.604485,0.24603,289.842864
4,0.526199,7,8,0.636771,10.170769,8.245528,2.364758,0.382138,0.027796,282.463538
3,0.790778,10,16,0.270056,18.250887,10.263175,19.58233,0.952251,0.605183,252.247753
1,0.616304,8,12,0.244124,10.978963,2.832756,6.134339,0.188388,0.873335,274.722588
3,0.174213,9,3,0.475207,2.680859,0.957839,5.906133,0.013737,0.761328,100000000.0
2,0.362622,30,4,0.6916,19.315489,4.139365,18.44985,0.170037,0.503557,270.724197
1,0.190165,31,20,0.40431,18.781373,5.286424,12.803402,0.396218,0.741239,263.243302
2,0.313122,9,4,0.294066,12.718208,10.15778,12.012111,0.915135,0.25765,251.750375
4,0.251126,18,6,0.666451,18.234078,12.367477,14.449489,0.345602,0.24203,261.856492
3,0.730558,24,13,0.062199,9.594245,7.246794,15.790994,0.039885,0.434724,239.527727
3,0.288133,45,8,0.387513,10.587809,10.31905,16.947951,0.326301,0.449855,100000000.0
2,0.060815,9,11,0.267519,9.921004,6.322898,19.426148,0.386744,0.894376,281.89642
5,0.861656,9,9,0.436086,6.691311,2.922893,4.134863,0.252758,0.385277,274.953031
3,0.845723,15,5,0.742035,17.602366,14.630748,16.35634,0.310598,0.565751,218.072412
4,0.456674,20,2,0.731479,17.226872,0.234524,8.383158,0.388338,0.132548,282.827407
2,0.865878,20,11,0.311235,17.981432,8.841679,5.501021,0.998695,0.694248,292.877103
4,0.834629,42,8,0.002779,8.460469,4.817223,10.579575,0.184916,0.033639,271.115148
5,0.488948,17,18,0.860873,17.165978,13.061044,1.183965,0.328611,0.43702,277.344817
2,0.575518,36,15,0.086803,19.715438,19.015234,3.924697,0.435129,0.897506,100000000.0
5,0.712832,42,11,0.138968,18.952249,14.180804,14.55137,0.308839,0.673211,266.274343
1,0.562121,22,17,0.693929,18.132842,0.027763,1.792395,0.11447,0.770798,298.399825
3,0.494126,6,10,0.368082,7.707599,2.364675,2.803151,0.101772,0.141338,282.088341
4,0.544966,14,12,0.804315,12.816915,1.65045,1.729085,0.745823,0.268773,350.713031
2,0.725428,30,20,0.648657,15.919241,9.169855,14.231976,0.287731,0.818633,268.844803
3,0.204381,30,9,0.89125,19.162824,18.408974,12.178833,0.589083,0.7796,277.813773
3,0.117381,34,14,0.459655,12.312141,6.960063,6.560024,0.684179,0.00749,279.492927
2,0.233506,26,3,0.662134,13.177056,11.226208,15.42528,0.070887,0.217077,246.4973
3,0.067249,21,19,0.087371,10.728013,2.049885,4.704901,0.162651,0.227242,275.013072
5,0.081677,25,15,0.192626,10.379934,8.885723,1.972416,0.919696,0.336496,282.635183
2,0.7732,27,7,0.385529,2.275438,2.055088,5.50747,0.66838,0.583921,283.460178
3,0.305841,3,5,0.521125,18.701768,10.918382,7.958703,0.47181,0.223392,288.855098
4,0.177072,19,17,0.568185,1.36815,1.289078,6.950446,0.62067,0.688111,288.574587
5,0.709884,3,11,0.370805,3.119592,0.340958,4.190318,0.045538,0.85649,284.001692
2,0.092343,43,5,0.137525,16.838977,3.724039,18.352543,0.580526,0.714363,269.740964
4,0.716858,44,8,0.313529,8.34738,3.877417,3.575215,0.457946,0.821705,293.901696
2,0.74766,36,1,0.746123,13.434815,1.868944,14.108536,0.304591,0.021921,279.613623
1,0.826528,29,17,0.523619,9.307734,1.96561,12.612708,0.338977,0.735625,268.800547
4,0.050233,10,16,0.006612,17.807824,5.49384,7.806412,0.671128,0.475021,280.678438
1,0.356642,19,16,0.411296,8.637624,3.154554,16.038876,0.154266,0.092451,260.163475
5,0.844554,18,7,0.237565,14.915815,0.278313,17.044188,0.855119,0.621817,268.429382
3,0.029283,49,12,0.168275,10.244837,5.951337,8.8103,0.461766,0.221876,272.518918
4,0.317214,44,15,0.73502,9.726547,1.231255,10.427782,0.199675,0.095388,268.14024
3,0.257846,40,15,0.777477,17.089346,12.158311,13.958964,0.617057,0.579214,270.629894
3,0.570145,50,17,0.187829,13.784389,4.205935,5.090821,0.618952,0.59648,281.235534
2,0.172759,41,9,0.152169,19.2702,9.282424,2.419429,0.927128,0.312004,100000000.0
1,0.88433,43,8,0.672272,13.259864,1.537115,4.339631,0.891469,0.155463,272.140108
2,0.695536,17,9,0.724731,11.943175,9.855631,13.526757,0.111315,0.24961,249.9407
4,0.497325,15,16,0.185031,15.600457,3.42852,2.618444,0.808435,0.792028,100000000.0
2,0.687354,11,13,0.498076,15.301541,0.616596,0.545283,0.623873,0.232764,240.739923
3,0.388091,29,5,0.668565,13.764452,4.307802,5.415703,0.24471,0.042869,295.024879
2,0.114442,23,3,0.105894,16.962994,9.654384,12.641244,0.303586,0.38914,256.986638
2,0.512918,10,14,0.144683,15.627236,3.494654,15.966346,0.472701,0.605076,247.638545
3,0.665157,32,18,0.379665,12.347162,4.637657,1.824246,0.832297,0.632342,286.928885
4,0.426137,48,7,0.183806,17.588406,13.723119,1.696816,0.246734,0.452526,283.295053
2,0.231223,40,2,0.139541,18.217866,15.175705,0.083632,0.018659,0.710821,271.254122
1,0.414592,45,17,0.433433,9.092225,0.748086,16.727866,0.062138,0.027212,274.425369
3,0.420264,30,11,0.830896,9.861594,7.809424,13.671176,0.035328,0.076449,266.264847
4,0.573523,24,5,0.306413,8.190679,6.273956,15.726146,0.483256,0.22232,274.759343
2,0.190122,13,2,0.417765,11.582262,3.749017,6.395287,0.232496,0.110874,282.01018
4,0.759038,31,12,0.037352,19.047289,0.081271,2.631663,0.930792,0.567492,279.857787
2,0.365594,25,11,0.003761,17.250558,16.96021,6.853187,0.514204,0.614483,283.870694
3,0.110158,34,5,0.0118,5.233543,4.978535,11.659544,0.378364,0.379624,269.016155
4,0.003114,10,19,0.66232,17.042628,9.062352,3.189947,0.423333,0.219054,275.977373
1,0.871761,24,17,0.68356,2.965982,2.56074,9.647861,0.594929,0.779232,291.3852
3,0.522486,42,19,0.405831,15.51398,14.767239,6.288448,0.04042,0.555811,282.587047
2,0.243073,49,18,0.355701,13.091819,12.790213,11.784691,0.389649,0.694086,279.191812
3,0.314844,8,6,0.414666,14.464581,0.696483,19.114659,0.574162,0.680366,327.543316
4,0.283243,22,1,0.465837,14.168151,0.831134,6.003352,0.344158,0.740373,100000000.0
5,0.092927,46,15,0.632825,7.740025,2.486597,6.158854,0.535185,0.401746,287.917905
2,0.530895,50,9,0.523635,16.021527,3.146461,12.229345,0.501395,0.025708,281.990319
4,0.361105,27,18,0.062939,3.760323,0.166115,11.844941,0.457471,0.76859,301.912236
3,0.119821,4,14,0.055536,14.250118,11.921057,17.583776,0.397961,0.492603,274.32293
4,0.343177,46,11,0.447066,19.187476,15.611508,5.595714,0.302005,0.446838,279.839836
2,0.018479,34,3,0.649725,18.70528,18.477885,7.277698,0.948188,0.038821,293.264447
3,0.41182,15,19,0.323841,4.440283,2.432059,4.275855,0.442907,0.750028,286.782065
5,0.802538,33,10,0.150929,13.225457,1.99505,14.911379,0.355992,0.17403,252.748284
5,0.385026,35,3,0.851895,14.704682,11.544121,13.259842,0.746646,0.308356,269.914343
2,0.160292,4,10,0.736883,13.669941,2.221863,13.236042,0.765466,0.363145,238.425092
3,0.534904,14,7,0.370367,11.181061,2.400364,1.274434,0.388493,0.622755,282.131815
3,0.363944,6,4,0.176193,7.390647,7.362279,5.761109,0.135211,0.447367,283.396078
1,0.073645,13,5,0.359447,19.654774,16.415562,5.615048,0.876284,0.202142,268.183379
4,0.708511,7,7,0.235921,16.745389,6.830373,14.959719,0.113126,0.016844,264.936905
5,0.457291,27,3,0.441509,12.958213,6.380873,1.18976,0.966591,0.17699,280.504018
3,0.858409,42,11,0.0594,14.874961,7.255096,8.687917,0.54294,0.47453,273.195789
1,0.187969,12,14,0.622275,11.390462,7.671206,9.383453,0.842425,0.58652,256.744897
1,0.425568,29,2,0.846532,4.516251,3.004434,18.479853,0.233256,0.231492,265.655273
2,0.803635,23,19,0.592204,4.303353,0.767408,7.861677,0.684789,0.394925,286.98038
2,0.569166,9,16,0.490365,16.95176,2.574351,12.000502,0.449365,0.820955,287.469338
4,0.162438,39,5,0.755621,17.263754,3.793254,1.608595,0.065045,0.749551,295.952886
5,0.469373,27,16,0.50763,15.922889,1.328521,15.704778,0.167899,0.291117,248.566081
1,0.503581,7,4,0.708462,18.375933,17.801331,3.99774,0.014889,0.561738,272.772087
2,0.438134,20,16,0.231793,9.604036,3.320422,15.983496,0.020914,0.203731,255.672232
3,0.26274,18,12,0.716179,19.030021,8.890849,0.959055,0.265361,0.552146,269.96054
3,0.069724,23,6,0.558056,4.399888,0.9793,0.576686,0.653489,0.430238,100000000.0
2,0.593427,19,10,0.273137,7.610753,5.609519,16.991259,0.580652,0.434214,273.831573
4,0.616653,8,14,0.306038,15.878124,3.724601,13.053185,0.187794,0.244568,251.402473
4,0.396198,28,1,0.188482,19.944777,19.357741,19.5064,0.57326,0.696325,234.328397
3,0.151276,30,11,0.690575,10.882361,4.502554,18.171833,0.69414,0.109274,250.171193
2,0.012447,36,11,0.840196,10.229805,1.902545,8.117748,0.563958,0.772229,274.975347
5,0.600662,16,5,0.244368,17.079795,9.683086,15.493724,0.355488,0.889786,274.722675
4,0.775217,44,9,0.313684,17.901924,12.111574,11.64508,0.320961,0.445913,267.427361
1,0.67555,6,16,0.770729,10.104114,4.006385,9.486058,0.181737,0.219654,264.911931
3,0.728842,31,15,0.496266,19.499545,2.480927,0.528562,0.871694,0.678712,267.245561
2,0.043325,12,8,0.369851,13.587945,13.421724,8.268684,0.105485,0.721151,248.748341
3,0.668242,35,3,0.86645,18.470953,5.311429,12.098273,0.530363,0.221779,244.340445
3,0.143313,36,17,0.302041,15.222827,14.286352,18.653589,0.839203,0.699641,281.334241
3,0.21506,7,2,0.453229,12.191018,4.538624,10.13617,0.339104,0.849804,271.485437
1,0.267665,30,9,0.778021,19.567055,19.039798,19.147206,0.934753,0.763352,251.439883
5,0.801007,38,6,0.887575,13.635944,10.258947,8.720251,0.099181,0.144303,268.002703
4,0.523096,42,4,0.126413,17.657007,8.245065,12.543192,0.322659,0.674836,280.445279
3,0.849851,40,20,0.336724,19.776328,5.732113,7.756024,0.637315,0.899381,284.855898
5,0.358544,43,12,0.074753,5.574938,0.51835,11.139077,0.057229,0.523277,301.459279
1,0.869337,6,9,0.160093,17.186293,16.757026,16.928015,0.987851,0.099383,283.325747
1,0.500736,17,12,0.294413,16.469744,2.766757,18.870129,0.616722,0.194626,243.538409
2,0.469381,14,13,0.225392,5.359252,0.773598,4.296136,0.155068,0.416547,100000000.0
2,0.474802,17,10,0.090176,12.569455,1.06931,15.87201,0.650362,0.161086,253.68438
1,0.127047,17,5,0.800009,8.872629,7.904758,3.025337,0.834244,0.332096,260.604978
1,0.378535,18,2,0.458871,19.302294,1.823114,11.218435,0.428543,0.646629,260.024617
4,0.68413,26,16,0.360773,14.759865,6.242668,4.996991,0.433667,0.267843,271.936724
2,0.297066,19,5,0.772142,10.210815,5.454546,5.141085,0.12541,0.144097,281.002828
2,0.669508,15,10,0.46322,16.63165,10.998027,0.065947,0.969117,0.218889,264.217197
1,0.59385,19,18,0.749476,15.31492,5.280722,8.108715,0.950182,0.586969,270.21864
2,0.511695,29,16,0.342856,18.752127,13.22625,4.046822,0.250951,0.88207,100000000.0
1,0.367325,24,6,0.408636,10.723839,9.194805,11.748508,0.098543,0.687984,266.087252
4,0.11145,44,19,0.899385,10.075758,1.01656,3.706901,0.946069,0.334724,273.659306
3,0.029928,38,4,0.632478,17.415516,11.674565,1.338347,0.211579,0.389852,292.867765
3,0.087052,31,2,0.038951,16.122873,0.521057,7.389236,0.176914,0.408872,252.129614
4,0.383222,40,2,0.044673,15.17788,4.318634,0.219395,0.516917,0.560779,277.806105
3,0.075366,38,15,0.279234,11.25015,2.906489,0.513509,0.690867,0.053652,272.739339
4,0.294143,5,16,0.211808,7.793959,4.217267,1.13988,0.875463,0.099525,272.710599
4,0.554845,47,19,0.708146,14.071176,11.882457,3.63312,0.110779,0.234043,100000000.0
3,0.564149,7,16,0.784684,5.327402,2.671653,8.501975,0.995077,0.045731,271.409795
2,0.842586,24,4,0.306136,12.660954,8.084042,1.456546,0.830817,0.443204,287.071225
3,0.633341,8,1,0.52738,5.975035,5.020465,10.543078,0.725769,0.123116,277.256879
4,0.688139,27,1,0.539493,13.54526,2.373252,8.638666,0.177657,0.642914,100000000.0
1,0.153283,29,10,0.199116,13.719285,5.201109,5.843853,0.556847,0.093819,254.513256
3,0.180502,5,3,0.721897,18.614037,6.628107,3.134525,0.097753,0.491454,282.320353
1,0.006749,20,5,0.229926,11.100589,0.683173,14.151236,0.471135,0.453133,248.755082
2,0.307402,33,3,0.014511,0.387561,0.370601,16.539802,0.977231,0.526378,285.234386
2,0.334717,35,19,0.865388,17.609913,8.835728,2.240123,0.215029,0.624249,291.186288
4,0.353149,40,11,0.762658,19.370524,3.665528,3.003641,0.611282,0.53267,280.892771
3,0.75817,47,4,0.575863,11.537103,3.597843,7.141794,0.957389,0.48766,280.946355
5,0.140282,15,18,0.28584,16.210478,14.858437,11.313535,0.034482,0.226817,247.530203
5,0.802927,12,13,0.481346,19.889034,0.072656,7.657924,0.812439,0.759568,273.577391
4,0.604314,43,2,0.142318,15.869077,7.561385,6.925083,0.818667,0.26617,283.153
4,0.412494,25,15,0.510473,10.515685,1.965077,18.320237,0.256566,0.694419,281.17712
4,0.009775,4,18,0.309517,18.354015,13.133319,18.130069,0.477402,0.668308,266.687006
5,0.662031,34,12,0.332286,11.594069,7.414075,9.440517,0.793092,0.574301,277.622106
2,0.870668,50,3,0.328163,9.120436,1.721055,2.336045,0.262528,0.631248,283.278954
3,0.62083,8,8,0.62288,17.97137,17.454079,2.401808,0.907886,0.562735,280.434999
4,0.193753,7,8,0.022045,13.985061,9.055357,0.938946,0.804216,0.611222,267.31233
5,0.588659,42,9,0.476017,5.464226,4.794416,12.992587,0.422647,0.339918,270.607644
4,0.052926,31,11,0.542476,17.76166,17.347336,6.297187,0.395846,0.398653,259.809416
1,0.724588,28,12,0.797902,17.111789,13.668095,5.369087,0.26943,0.438748,269.300256
4,0.863468,43,5,0.447681,19.485028,3.046759,11.933892,0.769002,0.324338,316.728336
3,0.147437,9,20,0.818898,12.447863,9.512613,13.323115,0.498724,0.03517,263.496158
1,0.313383,3,19,0.466389,17.485597,9.43685,19.899324,0.671052,0.761,100000000.0
5,0.372469,10,17,0.861079,17.723628,0.125708,11.562023,0.82091,0.815797,278.143351
3,0.752937,44,4,0.693101,8.512374,1.678586,11.000231,0.926434,0.739657,269.664638
1,0.657756,13,5,0.503694,18.055445,16.484248,4.775555,0.90377,0.822944,276.801242
3,0.234295,22,15,0.726868,15.580843,11.795639,17.140874,0.062138,0.030626,252.600418
3,0.092703,6,16,0.421635,14.945049,2.193222,12.473013,0.270917,0.860826,268.555305
3,0.467906,40,14,0.216858,9.487531,6.18258,15.832677,0.983971,0.075,263.354409
3,0.437151,9,18,0.688893,8.211654,3.51675,9.893745,0.147603,0.635485,100000000.0
2,0.167203,48,13,0.426419,6.272421,1.288877,6.069045,0.185251,0.402303,282.839057
4,0.767717,13,4,0.402004,16.59828,7.426817,4.00176,0.120063,0.302209,100000000.0
4,0.409352,37,7,0.550458,10.848192,1.500783,14.08575,0.192803,0.450595,100000000.0
1,0.276066,37,4,0.63891,15.53519,1.837332,18.792143,0.530106,0.358312,269.270363
1,0.251892,32,3,0.343947,18.509378,1.462498,7.742532,0.740149,0.733463,269.588016
5,0.064001,32,14,0.042536,7.81181,7.753214,9.246176,0.326921,0.534207,269.315027
2,0.837588,41,13,0.383048,17.122463,12.406132,0.670474,0.414265,0.263412,260.478475
4,0.201876,44,3,0.842533,17.622772,7.8684,15.914626,0.043639,0.423835,262.960394
3,0.428672,11,5,0.27684,17.390118,4.122894,19.105679,0.637229,0.693184,271.914441
2,0.505149,45,5,0.123067,15.116175,6.273273,16.951422,0.467492,0.608772,265.007882
2,0.624248,3,7,0.236125,2.392413,0.57496,18.456447,0.16006,0.045345,100000000.0
4,0.498836,7,12,0.532955,7.612982,1.262676,14.133497,0.97939,0.517863,261.114431
4,0.406802,13,5,0.104205,19.64332,15.072712,2.063161,0.917161,0.75106,100000000.0
3,0.877194,24,6,0.41252,16.024978,15.24078,9.112244,0.040602,0.827362,273.565427
5,0.822385,31,19,0.271469,10.456152,9.384841,1.229788,0.378906,0.524557,282.156039
2,0.734173,6,6,0.022736,15.87807,0.765797,8.165933,0.737064,0.170444,100000000.0
3,0.099885,13,6,0.702801,11.543762,1.244479,17.647584,0.117886,0.800762,277.740905
3,0.600129,11,16,0.116061,17.592189,2.070746,6.972328,0.755768,0.165656,252.088698
3,0.38097,28,8,0.401034,14.126904,6.715738,9.00882,0.994581,0.580349,288.861717
3,0.324076,15,14,0.131765,2.3235,0.03818,6.637649,0.207299,0.569149,281.702835
2,0.1219,32,3,0.780354,8.490046,1.11497,17.251113,0.443566,0.461795,267.198434
4,0.638466,47,6,0.895593,15.458595,2.336733,12.861766,0.011744,0.375206,259.975045
3,0.522938,45,12,0.23938,17.322848,7.925204,18.557674,0.099099,0.785824,264.538176
2,0.375868,27,16,0.423452,19.174501,14.662244,15.416133,0.343249,0.825413,272.66158
2,0.621418,48,2,0.853587,12.629381,7.338271,7.611359,0.288095,0.272774,278.376093
4,0.885149,20,10,0.653352,14.813036,13.440654,4.151043,0.075634,0.281472,275.028914
1,0.89256,41,11,0.059648,17.986418,16.283088,12.515423,0.579206,0.428582,248.176168
3,0.528888,9,7,0.189343,13.168136,12.831657,7.887499,0.308512,0.148147,245.653825
3,0.533182,19,17,0.206273,19.980045,3.717846,0.248254,0.219964,0.843988,281.492349
2,0.551814,39,2,0.295556,12.961074,10.53287,13.640387,0.848899,0.240437,261.948756
2,0.397921,36,11,0.833191,16.619236,14.537278,6.120287,0.673804,0.543652,277.80764
2,0.569653,44,10,0.749508,10.088442,1.895198,4.248107,0.893032,0.758326,100000000.0
1,0.247538,10,7,0.49456,12.747962,10.097487,18.33368,0.349414,0.65841,289.387545
5,0.860606,30,11,0.506319,7.755304,5.544617,2.841391,0.243795,0.613863,279.739605
1,0.317524,48,6,0.733231,9.648976,0.682979,14.753387,0.355805,0.365815,249.464078
2,0.459361,39,5,0.15938,15.265064,4.821233,19.692257,0.800435,0.442584,276.958705
1,0.560772,31,17,0.248387,14.412211,12.543455,16.688571,0.613354,0.672792,250.708239
4,0.679224,10,18,0.036427,14.005319,6.11872,14.508772,0.115075,0.71466,255.745922
4,0.114061,30,17,0.470018,9.307276,7.138984,18.946106,0.420591,0.837008,280.08856
2,0.839101,22,15,0.03113,16.242415,9.01242,15.147699,0.135142,0.11697,270.162305
3,0.268989,15,2,0.580525,18.097929,11.264586,6.039894,0.81629,0.7284,301.082352
4,0.341525,45,2,0.723459,18.791379,14.332407,11.118296,0.309733,0.287629,243.522971
3,0.386704,30,16,0.500935,9.10827,1.66695,15.793825,0.384611,0.06176,245.640741
1,0.545039,34,5,0.413553,18.177553,16.395019,2.209799,0.690328,0.879397,100000000.0
5,0.716477,21,10,0.624487,16.596677,3.078822,1.284178,0.13048,0.851689,288.82623
1,0.158872,41,16,0.827229,19.250551,5.949198,16.039224,0.338184,0.603908,260.584037
2,0.788929,23,7,0.283078,3.276632,2.529307,2.349075,0.681239,0.044246,286.430288
5,0.209773,47,10,0.658514,16.839787,8.26729,0.090203,0.584136,0.764752,279.119958
2,0.669656,35,17,0.224076,12.329443,3.954228,12.804753,0.569659,0.210077,261.171857
5,0.65272,7,3,0.738788,11.910673,5.419366,15.70723,0.020558,0.653003,270.702564
2,0.89601,29,20,0.071363,19.809036,11.704693,14.220738,0.126844,0.687746,263.851669
3,0.350221,10,17,0.671264,11.72507,5.669724,0.547331,0.948423,0.805747,274.57756
1,0.770365,48,9,0.393817,5.732623,2.240629,13.11437,0.40358,0.32065,257.402732
4,0.205762,13,16,0.372619,6.856075,5.11434,11.018723,0.321171,0.161302,276.066192
4,0.059734,25,16,0.584851,9.536748,2.801588,14.343178,0.553632,0.664688,273.58791
2,0.296381,18,11,0.386254,9.793843,4.763724,7.355926,0.174757,0.084666,263.506491
4,0.640338,49,11,0.307154,11.020838,2.450951,9.490526,0.543442,0.788009,271.344754
3,0.705225,29,17,0.591538,14.592802,8.591902,2.664514,0.461674,0.506702,278.216384
4,0.585995,12,10,0.52497,19.081161,16.668887,9.398529,0.488459,0.004176,263.518862
2,0.778031,49,15,0.096619,5.479952,0.951494,18.204784,0.153571,0.531678,262.023025
4,0.140369,24,10,0.196556,17.817496,12.718813,13.051083,0.277726,0.121016,257.290362
2,0.559208,17,8,0.808807,2.013136,0.297356,5.166621,0.988247,0.623552,286.357786
4,0.133758,19,14,0.231207,14.330148,6.519915,5.784955,0.603675,0.387994,290.56726
4,0.513458,43,2,0.558635,15.735208,9.272906,13.316201,0.82069,0.855147,273.852947
2,0.309501,14,3,0.746511,19.538743,9.699056,0.273175,0.801242,0.236035,263.13006
2,0.104226,18,17,0.330081,18.265951,17.702607,14.085967,0.332749,0.035042,253.941577
3,0.047177,28,10,0.004276,7.243418,0.152427,3.238391,0.783088,0.495115,271.325896
4,0.756621,25,14,0.567287,18.420493,17.125195,11.52255,0.513433,0.105973,279.037048
2,0.088259,19,6,0.220002,11.360967,4.5253,19.301348,0.592295,0.449413,273.514168
4,0.610833,49,8,0.326748,6.391256,0.409674,12.657672,0.936679,0.132022,272.513173
2,0.61654,12,19,0.476692,9.902505,2.896866,15.591243,0.185548,0.469471,100000000.0
3,0.418934,31,18,0.426142,15.636603,3.342313,1.581682,0.866164,0.775896,294.813759
4,0.179005,37,11,0.510435,14.981092,4.648199,19.834919,0.922365,0.489405,256.439777
2,0.217439,13,12,0.700436,5.317299,4.970666,16.57931,0.500676,0.440897,277.595809
2,0.594236,6,13,0.551245,6.225648,3.149793,2.014279,0.425805,0.028023,279.11648
5,0.020465,15,4,0.316886,12.202482,7.5868,3.538338,0.745911,0.328751,280.104691
4,0.442553,8,2,0.792962,13.531901,1.61751,19.412799,0.047829,0.474597,282.003557
1,0.230715,6,3,0.642969,18.877371,6.318039,12.021208,0.229461,0.087283,256.352887
2,0.315951,17,11,0.319358,18.662275,4.176256,12.185866,0.560474,0.699819,279.039113
3,0.152917,4,3,0.676032,19.48586,13.072016,10.838231,0.239607,0.140241,256.004483
4,0.439574,35,13,0.08522,14.940949,6.899713,8.445155,0.192421,0.322839,285.976863
2,0.582993,26,9,0.468042,18.559997,8.392168,0.719418,0.554382,0.402277,280.013679
2,0.245115,46,15,0.69054,13.716579,4.294744,10.611633,0.279803,0.269908,262.904246
2,0.867389,35,5,0.047938,3.141426,0.292967,8.890176,0.831166,0.532344,282.657346
3,0.378318,13,6,0.31413,3.412787,1.659409,7.700632,0.84201,0.069936,278.048114
5,0.819111,24,20,0.104218,4.585,1.403426,17.929424,0.219834,0.665064,403.123762
2,0.74197,26,20,0.145756,12.054667,0.007863,2.600473,0.718469,0.01932,292.716332
1,0.616499,36,4,0.899288,17.693017,12.436624,19.799331,0.519004,0.39579,265.795269
4,0.166695,18,12,0.839025,19.114165,12.984326,15.424416,0.086661,0.009683,281.673135
4,0.520608,44,1,0.112627,10.081487,6.624076,2.460914,0.929927,0.646525,292.653635
5,0.170539,39,16,0.819209,15.11793,13.726815,4.437971,0.201802,0.695686,311.680175
2,0.036967,49,7,0.605963,14.071742,0.832343,14.043738,0.473699,0.749705,295.77261
3,0.184052,34,11,0.845512,9.989904,7.941564,9.243003,0.80818,0.479321,270.249194
4,0.790017,10,4,0.241827,8.510015,0.550198,19.935455,0.191187,0.323187,269.823123
4,0.300113,15,7,0.833927,13.019383,4.756034,17.857619,0.014628,0.845721,261.5123
2,0.427751,37,18,0.670376,19.604916,17.80094,11.416428,0.651253,0.004073,276.595094
4,0.626507,14,8,0.017933,18.926797,3.628104,11.817307,0.261755,0.591971,248.856024
1,0.388458,39,6,0.528865,10.557817,9.236904,6.012264,0.226537,0.401727,274.880947
2,0.234953,14,8,0.169894,19.126499,15.921535,12.996546,0.856592,0.435266,246.682811
2,0.241737,22,5,0.394986,19.710054,0.410313,0.591774,0.399654,0.527885,276.698461
4,0.405239,32,6,0.292828,16.759394,0.198238,8.034562,0.320636,0.557151,284.707546
5,0.413038,30,14,0.151773,16.942448,9.861244,6.400875,0.040348,0.366879,284.551954
3,0.097123,49,10,0.570475,19.846511,14.8416,4.894425,0.943825,0.511639,283.990238
1,0.774194,8,13,0.526326,18.15184,2.583323,12.504559,0.367566,0.640424,251.071331
5,0.703485,25,6,0.354171,19.949436,7.227938,16.081379,0.23678,0.077271,282.228243
3,0.090932,18,13,0.441089,13.179764,12.509909,10.965758,0.883294,0.10202,304.33526
3,0.761892,16,11,0.227434,4.088175,3.25564,13.926514,0.975444,0.674787,300.867764
3,0.717719,43,13,0.695558,11.123532,5.850114,2.68296,0.817069,0.61405,280.046505
4,0.667218,42,3,0.505342,6.913212,3.712819,18.46327,0.540816,0.8731,279.66435
4,0.655389,27,5,0.409688,8.398508,7.030098,16.327255,0.209688,0.04351,250.112044
2,0.419508,23,19,0.399969,11.346934,6.791147,11.152064,0.90967,0.756818,266.008326
4,0.494614,32,4,0.301874,2.312485,0.643511,11.933491,0.676759,0.811461,100000000.0
1,0.785518,36,4,0.016296,7.238247,3.78994,16.700916,0.802385,0.825743,277.324922
2,0.118112,5,15,0.808948,14.963072,5.728247,10.270428,0.655169,0.881102,289.378652
1,0.56223,15,16,0.416466,9.298942,9.169915,9.060977,0.501202,0.572252,280.489385
2,0.756278,19,19,0.185491,9.387145,7.650562,12.689423,0.098896,0.61707,277.010268
3,0.152275,12,12,0.677877,15.993037,13.128972,11.226568,0.74397,0.418297,267.690355
2,0.013069,41,5,0.750968,19.308667,17.70029,9.377117,0.455447,0.886002,284.723153
4,0.357667,33,18,0.421415,11.843494,9.483689,1.891576,0.968283,0.763302,299.353198
4,0.282112,24,14,0.254105,16.368314,14.243096,1.763466,0.819684,0.19846,285.768495
2,0.309866,11,9,0.031836,18.617884,2.05572,2.35898,0.759645,0.708837,295.101006
4,0.295163,29,2,0.328559,13.59814,1.944756,4.37532,0.0719,0.383796,269.482738
5,0.133262,46,10,0.732005,13.499731,1.000699,12.031414,0.576317,0.0305,264.854413
3,0.676978,32,2,0.478591,12.115728,8.95961,14.733257,0.5495,0.17593,275.493133
4,0.504799,9,2,0.536529,17.02314,8.200128,8.524528,0.270698,0.230725,271.684135
3,0.042347,27,19,0.873298,6.520744,3.964662,18.006245,0.961246,0.851575,279.111897
3,0.353275,35,16,0.368226,17.463015,4.46682,10.880579,0.672811,0.488937,282.164693
2,0.11234,41,6,0.709633,17.565891,16.514833,7.343545,0.901377,0.839368,285.021221
5,0.22843,33,18,0.343429,8.812382,1.098265,5.825879,0.869096,0.452887,274.944323
3,0.216595,43,19,0.221737,18.809355,14.528117,2.002336,0.640579,0.855405,100000000.0
2,0.602356,16,8,0.278455,14.809087,6.145349,15.953808,0.970334,0.337801,230.676021
2,0.549727,20,20,0.744851,18.385554,16.358514,0.383028,0.874183,0.448333,281.433596
5,0.057291,45,17,0.824813,17.876068,8.740912,8.303636,0.47914,0.605276,283.465656
4,0.876303,45,14,0.883855,17.780275,15.737256,13.677789,0.027984,0.805664,263.780102
1,0.177458,38,2,0.092358,18.343017,12.652861,14.661224,0.358116,0.482992,226.573717
4,0.850023,38,11,0.635994,5.257611,3.010616,5.19625,0.999942,0.462492,272.979548
3,0.656721,29,16,0.855266,14.715235,10.772816,18.356302,0.184863,0.197698,245.339938
3,0.027,15,3,0.595987,12.526978,3.03357,9.16251,0.632673,0.515243,260.896213
2,0.797074,10,4,0.272263,15.352285,14.608662,4.637439,0.107318,0.18301,280.986795
2,0.644316,4,1,0.000689,16.206444,6.383607,14.127194,0.233134,0.3878,279.763224
2,0.878407,7,19,0.561356,9.76328,1.591488,10.079693,0.616143,0.046068,268.881202
3,0.120883,11,17,0.074154,4.511511,2.229558,12.785521,0.934394,0.866879,273.872932
3,0.379692,30,3,0.788528,5.939287,4.113481,3.341675,0.050734,0.837568,282.520882
3,0.778684,6,13,0.406227,12.808935,10.401546,13.196993,0.584702,0.72421,251.747476
3,0.520859,3,9,0.070246,11.064506,5.551608,15.005923,0.568168,0.192433,261.11006
2,0.210777,14,2,0.556428,9.883183,4.945265,7.542887,0.119447,0.066087,258.820254
3,0.460107,25,18,0.096689,17.117633,3.436498,5.087703,0.147689,0.034362,274.53876
4,0.187434,47,12,0.661924,14.288984,10.150997,0.07329,0.243347,0.170486,285.377312
4,0.145093,34,3,0.665372,8.136683,5.045761,8.097635,0.46052,0.656132,279.378353
4,0.686479,46,13,0.235809,15.521274,6.007681,17.610633,0.021966,0.661379,266.070616
4,0.591327,40,18,0.849565,5.078511,1.851476,5.026339,0.389898,0.896875,283.204758
2,0.311469,7,9,0.88092,15.691888,6.434924,1.613895,0.723008,0.125605,291.836615
1,0.58648,17,7,0.349167,5.37933,1.303893,15.292102,0.293085,0.130866,269.170448
2,0.547772,44,4,0.629149,2.768528,1.224905,13.730642,0.533018,0.585546,295.285145
5,0.537578,50,2,0.126496,11.618822,4.896291,14.942381,0.418728,0.737776,275.988341
4,0.052458,24,5,0.49087,7.981484,2.3914,6.701455,0.592117,0.240172,279.041353
5,0.103177,39,9,0.32238,14.563271,7.509332,2.056156,0.423151,0.439502,284.192079
4,0.650706,47,8,0.697724,6.594404,2.802435,3.729745,0.513175,0.673232,281.868564
2,0.154018,20,15,0.772505,13.456156,5.351806,1.395169,0.209212,0.521321,279.987537
1,0.711551,13,7,0.435043,14.999001,10.956283,6.955189,0.143601,0.689735,254.701751
2,0.231508,5,9,0.255018,3.120462,2.663708,2.0449,0.236222,0.24004,282.906771
2,0.241018,19,19,0.10091,4.665777,3.876057,7.431145,0.514507,0.132609,261.659892
4,0.208484,26,12,0.418023,12.272595,6.893726,7.136024,0.556828,0.852698,275.961552
3,0.598609,18,8,0.505613,11.938369,8.59825,4.667348,0.508747,0.415919,291.51185
2,0.375831,17,10,0.285567,7.041059,6.494129,14.348641,0.771524,0.432829,269.492996
2,0.227594,20,11,0.302572,10.025755,7.50552,10.350641,0.929705,0.578567,265.565856
3,0.334904,11,13,0.368863,9.643117,3.505522,9.003012,0.731705,0.654627,255.29797
3,0.2429,9,13,0.548861,7.50252,2.302431,13.001012,0.533705,0.536592,278.603929
3,0.35708,19,11,0.368863,9.979855,4.829959,9.003012,0.40965,0.71659,278.767709
2,0.177082,20,10,0.289358,9.176936,8.829957,6.283576,0.60765,0.820546,292.040123
2,0.002009,17,11,0.469356,8.063406,6.988376,2.285576,0.40965,0.640548,284.787761
3,0.142882,12,14,0.289358,7.718841,6.636042,4.171158,0.330703,0.50604,290.851021
2,0.216555,11,11,0.242967,6.726205,6.636042,7.792295,0.726703,0.578513,278.968502
2,0.036557,18,11,0.422965,8.236016,6.967652,3.815015,0.63556,0.437418,279.711099
2,0.375818,17,10,0.285581,7.041442,6.493928,14.34834,0.771509,0.432843,283.265714
2,0.227596,20,11,0.302596,10.025599,7.505909,10.35034,0.929696,0.578552,268.417613
3,0.082114,21,14,0.468664,10.524864,3.505911,14.34834,0.731696,0.614173,322.190178
3,0.262112,17,10,0.288666,10.725828,6.650739,6.649047,0.567341,0.545126,278.553744
3,0.082114,12,12,0.258695,6.72583,3.083561,2.651047,0.765341,0.637944,285.021311
2,0.216555,17,12,0.242967,9.835478,9.386513,7.813015,0.50281,0.617416,280.677931
3,0.073364,17,11,0.401199,8.969366,3.83492,10.671895,0.377134,0.35853,258.831899
3,0.253362,13,11,0.221201,8.882016,7.834918,6.673895,0.575134,0.538528,285.61222
2,0.492622,16,10,0.513278,9.371842,7.834918,9.740751,0.575134,0.669536,280.616946
2,0.485561,13,13,0.57374,8.306169,3.895879,19.944066,0.945283,0.374109,267.459442
3,0.458664,16,11,0.254781,8.641318,4.591773,7.136024,0.547932,0.675737,274.369757
3,0.507371,27,1,0.474408,11.447908,8.104796,11.150168,0.778788,0.550299,281.534157
4,0.590131,14,19,0.442746,14.443167,7.292556,1.891095,0.666051,0.39733,286.423757
2,0.076043,22,11,0.398801,7.010905,6.177307,4.47564,0.4863,0.543857,278.278754
3,0.187039,26,10,0.298271,8.358103,5.368342,4.610829,0.379873,0.537017,286.119565
3,0.219823,16,9,0.254241,8.046514,4.682568,7.73233,0.600634,0.618439,277.977459
3,0.399821,19,8,0.17128,10.567927,8.682566,3.73433,0.417931,0.684224,282.104949
2,0.530513,6,16,0.340384,8.29053,4.229352,15.21072,0.455486,0.209807,266.264155
4,0.047452,29,5,0.093525,11.646532,11.18544,7.496156,0.30201,0.191872,270.469707
4,0.469994,42,16,0.716689,10.837439,10.478782,10.453169,0.235042,0.448819,269.438061
3,0.381332,14,13,0.50873,9.088434,8.226435,5.892379,0.523122,0.574998,277.496177
3,0.73061,27,1,0.693122,11.015145,10.0874,11.647527,0.426803,0.648976,256.831478
3,0.601783,22,10,0.577978,4.306171,2.732961,15.946066,0.747283,0.554107,280.907508
4,0.290281,17,14,0.377901,10.939902,7.275562,19.130024,0.453879,0.536552,265.237725
3,0.240166,26,10,0.557899,10.033039,9.789657,7.136024,0.614408,0.536041,273.941007
3,0.420164,17,13,0.545114,9.816526,6.485995,11.134024,0.416408,0.692179,236.114074
3,0.227309,28,11,0.40015,8.495853,7.119939,11.705467,0.598984,0.538,100000000.0
3,0.290304,18,11,0.370641,8.160789,6.367602,19.130024,0.766457,0.712092,273.22502
3,0.407307,23,15,0.336898,8.710365,7.56494,7.707467,0.400984,0.556132,285.972996
3,0.201593,29,14,0.434947,8.513291,6.398157,16.136529,0.579132,0.443185,261.974514
3,0.27317,26,9,0.65921,10.105541,5.552624,15.132024,0.375459,0.71753,274.442317
4,0.470279,26,14,0.547083,13.449196,3.275564,19.636142,0.548871,0.530183,245.253589
4,0.429162,36,12,0.508958,14.422482,0.880831,19.603041,0.472318,0.710181,277.780276
4,0.249164,26,11,0.337252,10.422484,3.093019,18.655812,0.432873,0.530183,267.675772
3,0.234214,25,13,0.319855,8.888055,8.448563,16.136529,0.364975,0.443185,250.903487
2,0.433103,4,13,0.598021,15.899977,6.970349,11.134024,0.754828,0.335866,272.792003
3,0.380022,16,15,0.35332,9.087448,6.584359,12.138529,0.562975,0.542935,268.351867
3,0.307812,17,11,0.479212,6.105543,1.552626,11.134024,0.503,0.669493,272.255138
4,0.067545,13,14,0.268527,17.942597,1.380492,13.140522,0.461375,0.64756,262.325315
3,0.535075,28,4,0.430324,9.332163,4.814247,13.527503,0.673675,0.366279,274.031447
4,0.429162,36,13,0.417139,10.04543,4.772846,18.990806,0.417766,0.388248,257.146535
4,0.314288,35,10,0.509229,11.980511,6.434219,19.222568,0.593776,0.568246,314.370056
2,0.011266,4,7,0.538208,19.968456,12.977663,5.468589,0.818839,0.409315,100000000.0
3,0.529254,29,13,0.56439,9.388179,6.584359,11.108666,0.426978,0.542935,315.815577
3,0.349256,20,12,0.470425,7.903468,4.95525,15.106666,0.465693,0.500449,263.812655
3,0.446729,28,11,0.428722,9.816624,6.932013,11.153691,0.624717,0.457384,221.480195
3,0.62734,32,14,0.510138,8.306169,6.732959,18.591176,0.665319,0.374109,273.013101
4,0.470279,26,12,0.404854,12.998812,8.093105,18.705507,0.548826,0.610004,269.26087
3,0.290281,34,16,0.424391,10.594761,7.834966,16.802359,0.746826,0.73898,277.08689
2,0.216835,39,16,0.437146,9.423186,8.527618,16.854436,0.855272,0.558982,327.450142
3,0.396833,30,13,0.358897,12.824387,7.981715,18.818609,0.657272,0.679937,306.027927
3,0.445128,27,10,0.45025,9.14139,7.721954,18.690722,0.459272,0.677522,273.492048
3,0.314503,23,13,0.455552,11.990806,9.298741,19.019204,0.657272,0.655688,308.581069
3,0.24386,32,15,0.413861,10.483793,6.183617,16.693302,0.731437,0.672104,233.206121
3,0.423858,28,11,0.374925,10.32924,9.744151,16.321974,0.533437,0.673218,229.293682
3,0.513395,19,15,0.457514,10.432352,10.006719,17.533835,0.360323,0.506941,275.380103
3,0.333397,16,12,0.459092,11.814368,9.312894,19.37888,0.480136,0.603215,247.833393
4,0.271447,25,16,0.457354,10.508741,8.81837,19.896972,0.678136,0.731227,269.999518
3,0.407153,35,16,0.355776,10.120883,6.55138,16.813239,0.634108,0.581511,266.370905
3,0.605723,13,17,0.647653,10.158167,7.298929,13.027661,0.356368,0.548549,273.77409
2,0.604025,4,10,0.477902,13.831271,3.283586,15.504843,0.882207,0.662019,266.831114
5,0.572955,28,10,0.484383,5.827061,0.701338,16.592911,0.791042,0.316275,100000000.0
4,0.495033,45,12,0.616274,15.145744,6.452217,17.013393,0.3209,0.648298,273.045984
3,0.17463,13,13,0.538094,17.79165,8.481243,8.8953,0.699762,0.309525,273.852182
4,0.206605,27,16,0.701935,7.662969,3.493351,10.4418,0.469284,0.428021,293.697561
3,0.465369,25,12,0.46405,10.355725,8.0759,19.593539,0.436108,0.474003,254.584312
3,0.407522,29,11,0.48883,11.000794,8.605751,18.274121,0.634108,0.587912,273.332402
3,0.353953,20,15,0.359676,10.976449,8.655976,18.27872,0.701373,0.735813,278.315907
2,0.280796,27,14,0.366294,14.69322,6.520169,16.255222,0.679388,0.755227,282.161174
3,0.593478,27,6,0.707718,17.802441,14.928685,11.080198,0.484678,0.646333,273.867719
4,0.596948,4,17,0.66102,7.186246,5.531305,16.329204,0.63351,0.465098,274.173769
3,0.349864,29,16,0.415842,10.546094,8.949173,18.122507,0.503373,0.658229,246.28756
2,0.602422,15,10,0.334193,13.10469,6.519617,9.469645,0.52706,0.334226,277.886244
4,0.290281,17,11,0.385798,10.939902,7.275562,19.130024,0.350826,0.710191,285.029211
3,0.263491,25,12,0.416535,9.474086,9.260988,9.709756,0.548826,0.685759,263.966743
3,0.850272,13,9,0.626183,19.75918,6.139083,6.446119,0.301448,0.335432,275.503366
3,0.083493,16,11,0.236537,10.699107,7.798958,8.326595,0.493868,0.593778,269.005009
4,0.388054,12,12,0.562288,17.619599,11.540522,6.42561,0.831419,0.276918,271.414546
4,0.454704,29,12,0.323143,18.836467,10.913189,10.227044,0.879342,0.254205,260.430042
3,0.231533,11,11,0.416535,11.303509,9.193022,9.760889,0.593256,0.54717,273.694231
1,0.54639,28,11,0.530848,13.32718,7.137016,18.071438,0.561617,0.394161,265.273567
3,0.21949,30,16,0.420555,9.715512,8.389929,9.760889,0.633333,0.744981,275.382008
3,0.430154,31,14,0.395893,10.04551,9.963871,5.762889,0.435333,0.609121,286.530239
3,0.36816,21,17,0.515874,11.018339,10.205281,9.760889,0.245885,0.66587,268.469109
3,0.380222,25,12,0.307119,11.041278,9.552842,10.470573,0.60924,0.734327,275.433829
3,0.200224,16,10,0.424531,9.873699,9.483352,14.468573,0.454462,0.754926,273.375909
3,0.250938,25,14,0.244533,9.841678,9.563752,13.683969,0.394854,0.574928,275.985857
3,0.293932,27,12,0.284937,11.927826,10.673485,13.699272,0.592854,0.594352,276.520202
2,0.447342,35,17,0.460968,10.577102,9.530599,17.437715,0.861476,0.554107,325.495146
3,0.322708,31,11,0.563162,9.324043,4.081263,12.877796,0.480217,0.623752,287.419889
4,0.14271,26,11,0.466476,9.777825,4.199277,15.132024,0.341555,0.80375,281.521404
3,0.311081,12,13,0.448144,9.674558,8.199275,7.384573,0.506726,0.568601,290.553482
3,0.131083,21,9,0.399252,9.513191,4.532629,11.382573,0.636661,0.590304,318.617365
3,0.311081,25,13,0.300293,9.955296,8.532627,7.769734,0.586724,0.589134,283.760635
4,0.202649,18,11,0.299214,7.08096,0.079086,7.136024,0.35051,0.739019,279.08733
4,0.206055,22,19,0.670042,17.88919,7.510863,11.488811,0.212661,0.385103,249.486261
3,0.061945,16,12,0.546219,10.133102,7.893662,6.527927,0.586724,0.589134,280.507367
3,0.188961,14,11,0.548805,10.185941,3.893664,10.525927,0.723782,0.442845,271.463028
3,0.133891,23,11,0.368807,10.143187,7.893662,6.527927,0.766307,0.622843,287.248079
3,0.399955,19,13,0.424848,11.057141,7.893662,7.095103,0.548323,0.567504,263.153832
3,0.222693,27,10,0.312913,10.907282,4.943239,14.530164,0.548323,0.341636,273.438791
3,0.39132,22,13,0.239991,11.980078,6.540918,10.532164,0.431047,0.521634,264.205196
3,0.467981,14,11,0.419989,11.471734,10.540916,12.45983,0.507227,0.532288,277.072359
3,0.467821,19,14,0.599987,7.471736,6.575546,14.857472,0.502035,0.513791,264.696982
3,0.375914,19,14,0.419989,8.72509,7.37197,10.859472,0.390584,0.333793,269.603965
3,0.355188,19,11,0.239991,10.344033,9.987712,14.857472,0.588584,0.513791,276.676066
3,0.456234,25,14,0.5492,10.19787,5.530601,16.996916,0.663476,0.374109,269.479897
2,0.272669,17,10,0.411424,11.349499,8.199275,11.134024,0.663405,0.501486,272.663556
3,0.099331,20,10,0.43087,7.815395,6.249372,10.373311,0.502592,0.67355,275.443856
3,0.107787,26,10,0.418023,7.950201,5.552429,15.132024,0.565719,0.686676,275.916981
4,0.274758,23,11,0.111156,12.589155,8.877591,12.475158,0.565464,0.731549,281.078511
2,0.279329,19,14,0.516823,9.57748,5.055904,14.371311,0.4667,0.558944,276.419464
3,0.099331,13,11,0.336825,10.147253,9.055902,10.373311,0.6647,0.378946,268.917622
3,0.246829,21,11,0.301327,9.555681,5.055904,6.375311,0.4667,0.558944,281.981526
3,0.163871,15,14,0.333679,7.961029,6.323886,5.432172,0.2687,0.738942,296.202416
3,0.254967,17,14,0.419009,9.493809,8.159775,10.261536,0.4667,0.610912,262.186545
3,0.271177,12,14,0.239011,8.448092,6.380111,6.263536,0.370674,0.433041,284.145051
2,0.122814,19,14,0.386729,9.577084,5.115453,13.139897,0.698247,0.439955,244.422969
3,0.302812,15,10,0.498417,9.654691,9.115451,13.357272,0.500247,0.619953,267.452395
3,0.255769,18,14,0.319233,9.021226,7.446488,9.359272,0.698247,0.454805,278.690144
2,0.341505,16,15,0.575523,9.590124,1.530603,17.445149,0.861476,0.31724,275.86219
3,0.203442,7,12,0.334274,8.975652,6.749226,4.828966,0.826752,0.375407,286.072827
3,0.126434,18,12,0.387762,8.709372,5.247206,8.140253,0.441545,0.555405,272.874386
3,0.354532,22,11,0.276584,9.304179,7.364491,3.622637,0.569483,0.726084,284.35548
3,0.17533,12,11,0.145955,8.85189,8.364503,0.954804,0.767483,0.546086,279.809954
2,0.029567,5,13,0.325953,8.076608,6.785257,4.952804,0.700419,0.699964,100000000.0
3,0.15687,14,13,0.277534,7.108005,3.332387,8.950804,0.502419,0.640769,100000000.0
2,0.506684,16,13,0.346145,6.822461,3.830237,10.553336,0.591495,0.702834,248.16973
3,0.489475,7,12,0.352873,5.100154,4.560629,6.555336,0.789495,0.522836,275.827244
2,0.486448,7,13,0.460951,5.590126,2.268009,17.583315,0.932811,0.388688,283.699386
3,0.286283,36,11,0.278202,11.508977,8.199275,3.138024,0.473952,0.709074,291.769413
2,0.636704,17,18,0.429472,9.435806,2.564461,9.891465,0.810412,0.457437,277.789686
3,0.484668,11,14,0.447017,13.435804,6.564459,13.889465,0.765771,0.44022,263.550264
2,0.414218,17,12,0.267019,12.353408,6.707678,11.313634,0.567771,0.620218,265.594551
2,0.466281,26,14,0.324295,13.435804,5.364548,7.136024,0.612412,0.584112,281.460362
3,0.286283,17,13,0.37726,9.435806,3.947909,9.40303,0.720628,0.475719,270.688056
2,0.125746,21,12,0.329829,10.996677,10.90163,10.686393,0.428893,0.669761,269.880584
3,0.060209,12,9,0.355141,12.089882,9.421342,6.688393,0.564056,0.502227,285.656019
2,0.35901,16,17,0.257477,7.93308,4.613801,13.182733,0.395135,0.708081,277.735506
3,0.206691,16,13,0.437475,10.536379,8.613799,9.184733,0.461167,0.610651,272.915045
4,0.302494,9,10,0.723888,16.026676,8.433835,11.372917,0.881426,0.571818,266.911248
3,0.245212,45,11,0.705782,10.501293,3.451576,5.287504,0.266284,0.837445,306.879679
3,0.100494,41,10,0.442564,10.784422,7.468414,13.913979,0.706193,0.236719,264.882036
4,0.0919,12,13,0.157349,13.145783,6.431852,8.666716,0.245373,0.49027,271.31339
3,0.515666,15,11,0.424322,9.783117,4.517973,8.431309,0.438452,0.585952,269.590566
3,0.517203,15,14,0.245876,8.452263,7.32101,11.088519,0.326642,0.657487,276.59833
3,0.157207,18,12,0.437484,9.372836,9.24841,15.003711,0.560765,0.748072,274.428225
2,0.545943,16,17,0.417713,9.20754,3.500555,19.121738,0.734811,0.537476,266.405866
3,0.242694,36,10,0.4582,13.515873,4.898613,7.136024,0.336011,0.746888,244.892865
3,0.062696,27,14,0.318652,9.515875,5.739789,11.134024,0.534011,0.56689,278.984205
4,0.494368,29,10,0.412054,12.708626,5.503172,10.637376,0.240945,0.813524,274.279393
2,0.587806,12,13,0.383408,11.815947,11.559357,10.581647,0.592734,0.65669,269.435818
4,0.379177,4,13,0.29048,10.619349,9.755587,9.398538,0.66409,0.353341,265.399817
3,0.229466,4,12,0.798994,10.26615,4.983899,17.376489,0.879386,0.585481,264.77178
3,0.575027,29,12,0.490321,13.081241,8.762519,10.655985,0.441017,0.502743,271.507371
4,0.532166,29,7,0.672739,12.492633,8.438041,11.412465,0.411041,0.750452,274.939121
3,0.296542,45,11,0.358937,18.413074,8.240409,4.889308,0.303102,0.558949,287.467534
3,0.432057,28,11,0.417298,11.559353,5.19157,19.1253,0.579608,0.445776,285.979716
3,0.372082,28,11,0.734233,8.96995,3.561754,17.816459,0.774368,0.750452,277.90838
5,0.61752,45,6,0.710241,14.4736,11.46795,13.233679,0.351687,0.619361,246.51804
4,0.437939,45,9,0.440964,12.830811,6.989462,13.304582,0.333808,0.622235,277.791458
2,0.479234,4,7,0.65216,15.798546,6.81594,9.278431,0.622794,0.604158,283.823478
2,0.542103,28,12,0.52809,8.860449,7.487819,11.120495,0.540809,0.645322,309.989109
4,0.306381,45,10,0.656796,6.893912,5.551833,7.136024,0.391099,0.614711,281.018749
3,0.819279,9,18,0.692831,11.831624,11.391947,10.537283,0.940459,0.211201,271.505569
3,0.268401,18,10,0.325593,8.744891,8.32818,7.09849,0.534011,0.492797,278.820959
3,0.628103,4,10,0.313522,15.299153,7.467867,8.724965,0.624273,0.367325,284.579774
2,0.276179,9,12,0.715021,19.954169,9.976612,16.673902,0.997183,0.268363,273.948372
1,0.490212,9,13,0.671848,16.408756,7.745399,1.555601,0.996601,0.574571,275.946881
3,0.071564,3,10,0.304724,13.478785,6.481888,16.838556,0.361664,0.667275,285.230492
3,0.32961,6,14,0.309417,8.624579,6.497472,10.933808,0.834331,0.819887,281.585331
3,0.658057,29,13,0.48875,9.634382,6.014854,7.758731,0.348456,0.890117,282.740813
4,0.396603,4,14,0.614738,16.04513,8.474133,10.848612,0.986782,0.322772,268.180097
3,0.505154,45,17,0.368026,10.043955,6.209366,14.232359,0.280763,0.427416,232.247576
3,0.351228,9,18,0.605771,17.262048,3.899817,12.000187,0.996868,0.102967,263.780531
4,0.320964,6,10,0.371569,15.806177,9.195237,5.598907,0.571716,0.812875,100000000.0
4,0.382647,27,10,0.479212,9.806682,4.079084,4.631556,0.54851,0.641826,282.913879
3,0.127197,21,13,0.398767,7.534986,5.378846,9.549091,0.336011,0.615096,335.801933
2,0.40934,11,5,0.353547,12.997264,10.471454,8.27156,0.811929,0.467628,274.786979
3,0.146634,22,13,0.477168,7.731306,6.006541,6.557959,0.610697,0.406651,270.488743
3,0.375211,45,6,0.503,12.681871,10.144309,17.722561,0.319014,0.48452,285.168867
3,0.50663,19,10,0.188457,6.74507,6.406301,6.557959,0.535621,0.751332,299.291932
3,0.146634,15,14,0.478387,7.990671,7.872828,5.249803,0.535621,0.5029,281.837766
3,0.10774,18,12,0.351952,8.281206,4.678725,1.251803,0.45006,0.682898,282.217209
3,0.497819,25,17,0.592867,5.207542,4.081104,15.123738,0.700992,0.357478,272.646972
3,0.062696,27,11,0.321044,9.515875,1.264108,11.134024,0.522102,0.66237,272.046454
3,0.018699,18,11,0.373605,7.8252,5.264106,7.799836,0.479867,0.797675,278.002612
3,0.288596,31,11,0.334715,10.298931,9.264104,11.891529,0.377036,0.604371,302.909589
3,0.305871,26,10,0.418023,8.979169,5.566923,10.713998,0.397113,0.571424,281.996728
3,0.47032,21,7,0.442313,7.976704,3.274796,10.701082,0.480205,0.702359,285.808227
3,0.108598,21,11,0.154717,9.44008,5.839101,7.893529,0.575036,0.58901,283.397628
3,0.850969,4,18,0.516449,13.943644,5.929244,11.968252,0.305077,0.582199,246.566116
2,0.733356,4,13,0.666669,13.355325,7.489238,15.691892,0.773613,0.36026,219.84387
3,0.165907,25,11,0.335572,11.075005,7.70079,3.646373,0.536509,0.383678,281.811513
3,0.709631,15,14,0.724321,11.90781,6.465708,13.437937,0.338826,0.5443,280.163855
3,0.333157,19,11,0.416371,10.633528,6.975793,10.447698,0.487152,0.563676,279.591594
1,0.256263,10,8,0.13328,8.204959,5.629096,12.745787,0.612089,0.330669,247.153909
1,0.358768,25,12,0.284897,14.260585,11.415108,0.190177,0.08831,0.467005,279.211506
3,0.402092,12,6,0.804619,10.288861,3.013765,6.211849,0.307821,0.205893,264.75653
4,0.257703,45,8,0.522018,16.196093,9.572107,9.4325,0.414474,0.537016,301.51078
3,0.004778,38,10,0.418023,9.743222,5.573472,8.168229,0.374427,0.754798,274.808451
3,0.145572,41,16,0.629019,14.715863,9.412701,8.552508,0.589209,0.548593,274.837361
3,0.530372,32,10,0.240639,13.401551,8.851673,18.036006,0.337107,0.540954,263.705522
2,0.437289,29,14,0.62928,12.488581,8.451102,12.579709,0.230964,0.576976,261.341856
4,0.419928,3,5,0.58541,10.581982,9.873955,10.259499,0.400591,0.702135,277.003219
3,0.595138,44,16,0.375317,17.707857,5.09344,9.119441,0.75493,0.194129,270.628554
2,0.620364,44,9,0.460232,15.121902,3.384859,12.553575,0.499444,0.214931,230.520724
4,0.325359,4,8,0.400024,17.477232,6.619232,12.419934,0.695721,0.450879,276.523633
3,0.243344,22,11,0.236373,8.541785,5.508666,8.622666,0.57677,0.383678,267.525638
3,0.374662,25,11,0.46323,5.917107,4.609845,18.37299,0.720974,0.189186,269.066547
2,0.899121,4,10,0.591216,13.508036,3.463904,7.432345,0.312065,0.476005,281.84253
3,0.198697,20,10,0.399346,11.801181,9.264104,11.797836,0.283009,0.672062,274.564866
3,0.124139,19,10,0.323098,9.739253,8.810903,7.649397,0.389076,0.504288,263.565189
2,0.304137,19,10,0.46781,9.368424,8.789975,5.888657,0.545241,0.684286,283.57336
3,0.305678,18,12,0.379459,8.773269,8.770056,5.888657,0.358257,0.452259,280.213933
3,0.12568,19,9,0.381261,8.864641,8.566412,9.886657,0.556257,0.528753,100000000.0
2,0.55466,16,10,0.509838,8.610943,8.557523,14.474255,0.674383,0.369184,267.837207
3,0.361487,30,10,0.360564,12.656703,11.365215,7.799836,0.481009,0.617757,283.197601
3,0.181489,39,11,0.337467,9.381974,7.365217,9.153393,0.604684,0.797755,270.015307
3,0.001491,30,10,0.498672,8.01114,3.365219,10.04444,0.580812,0.79486,279.230302
4,0.188687,13,9,0.300264,4.276668,4.079084,12.627556,0.592637,0.76815,294.823124
3,0.024187,22,12,0.236966,8.276666,8.079082,8.629556,0.522838,0.62999,100000000.0
3,0.181489,20,14,0.318674,5.546602,1.50892,6.04644,0.38629,0.614862,280.639268
3,0.202733,11,15,0.18379,6.895874,1.472622,2.193573,0.58429,0.55671,282.498246
2,0.218992,15,11,0.363788,8.627691,5.47262,6.191573,0.78229,0.586155,283.599865
4,0.543535,13,15,0.365444,18.888816,9.456267,5.448443,0.510992,0.612136,283.162536
3,0.371645,18,13,0.16774,9.789532,5.47262,14.187573,0.38629,0.675616,262.768088
3,0.191647,21,15,0.347738,5.789534,5.052688,10.189573,0.426721,0.591201,283.747253
3,0.374662,22,14,0.514693,4.044914,2.233574,17.484393,0.91545,0.510073,282.157532
4,0.181489,30,11,0.379037,11.948765,0.808584,6.04644,0.382812,0.614862,261.2575
2,0.564611,25,12,0.59793,9.943495,8.367483,14.840183,0.431011,0.318748,274.470951
3,0.361487,20,15,0.199039,13.214885,4.808582,10.04444,0.51093,0.550047,255.994321
2,0.541485,11,11,0.379037,9.214887,8.80858,14.04244,0.46864,0.730045,259.650109
2,0.11066,11,12,0.140257,8.839841,7.911923,2.04844,0.388153,0.675638,288.332305
2,0.290658,9,15,0.320255,6.479135,3.911925,6.04644,0.586153,0.637675,290.059475
3,0.337723,19,11,0.500253,8.508059,7.911923,10.04444,0.723313,0.621663,284.487097
3,0.157725,20,11,0.623633,7.723471,3.911925,6.04644,0.525313,0.717121,289.369004
5,0.224993,12,19,0.414577,17.47952,2.667448,19.792558,0.453966,0.108206,246.082743
2,0.647802,28,4,0.4518,10.043888,8.457535,14.450351,0.564947,0.798009,278.737498
4,0.440252,27,8,0.526829,16.230075,9.321754,10.770698,0.770367,0.586847,269.750622
4,0.389061,4,11,0.34181,19.165894,8.470584,8.332169,0.944833,0.280127,299.414289
2,0.258142,4,12,0.616897,9.577738,3.96957,13.161873,0.825506,0.529075,100000000.0
2,0.55466,16,15,0.529918,5.883615,1.985101,19.467869,0.71745,0.62021,280.111224
3,0.191381,28,11,0.232371,13.813556,4.808582,10.04444,0.363972,0.72344,273.901891
2,0.293642,19,14,0.266975,9.813558,8.80858,6.04644,0.422179,0.685809,283.687922
3,0.683275,13,17,0.303683,17.142395,10.06929,17.786514,0.584161,0.480782,268.274583
3,0.661769,46,6,0.315993,14.512268,10.147886,5.278428,0.894195,0.403565,287.863213
3,0.451025,29,9,0.027509,12.555136,8.760199,15.60614,0.588826,0.168883,264.983457
3,0.229981,31,7,0.321381,14.355143,6.193376,11.124055,0.390642,0.518301,279.806551
1,0.433103,32,13,0.598021,13.851162,2.893728,11.134024,0.666786,0.873179,272.267724
4,0.455317,24,13,0.373941,16.875462,10.822578,4.218329,0.349295,0.621114,283.875916
2,0.293642,19,14,0.230939,7.023586,5.269057,8.588444,0.422179,0.646436,100000000.0
2,0.166639,26,14,0.381878,13.674102,11.292206,11.641878,0.640849,0.699693,273.521902
1,0.113644,22,11,0.285475,11.023584,5.140063,10.432853,0.620179,0.682736,243.530516
2,0.391373,7,13,0.215814,9.797356,9.140061,9.063848,0.554702,0.640546,260.535964
3,0.261776,21,9,0.294432,6.495489,4.079084,6.31721,0.561671,0.676669,283.710147
1,0.47908,17,16,0.452082,5.912593,4.552533,19.053603,0.904644,0.615515,270.646366
3,0.441774,27,11,0.235252,5.451088,1.146526,9.042997,0.363671,0.721122,270.498967
3,0.209418,36,10,0.340781,9.813558,8.80858,6.04644,0.371243,0.831601,240.640924
3,0.270758,14,10,0.459326,10.870977,5.875081,10.04444,0.393729,0.451123,259.35702
2,0.274172,23,12,0.279328,10.414587,6.032511,6.04644,0.434117,0.631121,305.2276
3,0.261776,27,11,0.41525,9.451086,0.392702,9.048124,0.35292,0.675372,280.000338
3,0.105392,31,10,0.403754,5.451088,4.3927,11.448658,0.503053,0.711825,278.747347
4,0.28539,21,8,0.449011,8.61811,8.392698,15.446658,0.491056,0.734552,267.006319
3,0.270146,24,11,0.459326,7.520003,4.297897,7.481979,0.362371,0.710137,278.547562
3,0.090148,15,11,0.590235,8.837848,5.198437,4.798082,0.446793,0.530139,280.066035
2,0.549,25,12,0.545612,10.613726,4.552533,14.682974,0.508644,0.395477,253.024496
1,0.446984,30,14,0.405426,10.24447,5.742921,11.0784,0.793275,0.602715,100000000.0
3,0.310298,29,12,0.291518,11.839215,6.772968,8.924515,0.431275,0.760948,286.229197
4,0.57327,24,11,0.250636,18.379484,8.521565,9.900795,0.854504,0.755371,281.276526
4,0.303778,45,10,0.594435,10.291383,1.269389,19.481293,0.530967,0.779625,258.735898
2,0.433103,25,7,0.598021,16.778517,3.116778,11.134024,0.754828,0.890215,281.64601
2,0.203146,10,13,0.418023,11.73659,6.893726,7.136024,0.556828,0.492702,272.769635
3,0.558765,34,10,0.76057,12.778519,4.907137,15.132024,0.606517,0.895353,273.908722
2,0.378767,25,14,0.580572,15.081259,8.219421,17.607261,0.49761,0.715355,256.760878
3,0.642574,22,17,0.425427,9.04832,1.81405,2.152315,0.315426,0.847649,300.854998
1,0.521372,15,12,0.400574,13.479109,5.106546,13.609261,0.663728,0.675443,261.247236
2,0.417312,9,11,0.580572,14.78759,5.796358,9.611261,0.671539,0.846891,281.951017
2,0.269689,19,13,0.673493,14.890989,8.266124,9.643602,0.509048,0.89267,289.88252
3,0.323093,15,9,0.574796,16.701405,10.70408,16.129831,0.658684,0.579676,226.633003
1,0.613101,12,14,0.74008,5.56308,4.136323,14.808517,0.952828,0.492702,266.794518
2,0.449687,12,12,0.493495,10.972992,5.183833,10.258623,0.478996,0.712672,276.512575
2,0.437546,16,11,0.524514,11.543439,5.923753,14.256623,0.676996,0.723953,277.618097
2,0.454814,16,12,0.704512,15.543437,6.806415,16.623635,0.564793,0.785553,258.367234
2,0.594572,15,10,0.423661,8.248699,4.203754,9.942366,0.77466,0.591621,100000000.0
2,0.781594,13,14,0.560082,5.899733,4.790629,18.806517,0.917723,0.571493,279.586133
2,0.706778,14,9,0.528404,10.201888,8.203752,13.940366,0.879141,0.771619,272.130769
2,0.621871,13,13,0.524514,16.79825,4.751072,12.625635,0.572825,0.750071,283.190325
2,0.470654,15,10,0.467277,13.376259,8.03527,8.627635,0.648841,0.847213,291.25742
2,0.576688,15,13,0.568739,12.01159,9.42115,9.942366,0.914271,0.881363,279.242274
2,0.650652,16,10,0.482003,10.994733,5.774828,11.925189,0.557085,0.806476,280.809622
2,0.470654,15,13,0.537452,14.994731,6.67104,10.662323,0.545221,0.77089,286.137986
2,0.433482,14,14,0.541935,15.226235,4.922347,13.615202,0.59804,0.808827,274.624711
2,0.253105,15,11,0.418023,12.778519,6.893726,7.136024,0.556828,0.852698,278.635357
3,0.433103,25,7,0.598021,14.180227,9.100617,11.134024,0.55512,0.753683,282.731296
3,0.433103,25,7,0.598021,14.359142,9.726359,11.134024,0.64117,0.801518,289.130478
3,0.613101,15,11,0.710047,10.180229,7.881947,15.132024,0.703216,0.652927,270.044166
3,0.433103,13,10,0.530049,9.914983,5.871563,11.134024,0.68377,0.570389,281.620967
3,0.271003,22,10,0.596564,11.069318,8.774353,15.132024,0.65366,0.627014,248.155132
3,0.569874,16,12,0.418023,10.107991,10.090993,5.362154,0.887759,0.715976,294.168758
2,0.655855,15,14,0.598021,10.028372,8.045306,5.89079,0.855406,0.743832,296.412037
2,0.31198,16,12,0.279684,9.796954,9.725888,11.164012,0.459406,0.545774,278.235688
3,0.451001,27,10,0.681599,8.469705,6.982044,11.134024,0.45566,0.569694,100000000.0
3,0.290388,34,4,0.663873,14.303521,5.726361,10.161215,0.513612,0.739462,276.379209
2,0.121382,25,8,0.483875,10.303523,8.796932,8.271629,0.548183,0.611784,280.42632
3,0.308084,11,8,0.487791,10.94663,7.863038,6.256556,0.497261,0.803198,100000000.0
2,0.128086,20,6,0.313672,7.91684,7.075051,10.254556,0.674532,0.6232,100000000.0
3,0.637476,12,8,0.369716,8.340953,4.636815,15.009491,0.858143,0.400418,290.499891
3,0.457478,13,10,0.369673,7.712974,7.435105,11.164012,0.660143,0.580416,326.232304
3,0.118376,16,7,0.49367,11.916838,11.075049,14.252556,0.583792,0.673875,270.459316
2,0.373714,20,7,0.216777,8.352114,6.763451,6.256556,0.610523,0.663481,283.163961
3,0.193716,11,8,0.396775,11.321864,10.763449,10.254556,0.574679,0.724488,268.937205
2,0.301788,14,7,0.576773,9.336099,9.154411,9.091932,0.59496,0.677787,271.882638
3,0.458003,18,6,0.676399,11.682494,9.449517,5.093932,0.540947,0.660782,287.836489
4,0.426782,4,13,0.572408,15.399184,0.933766,7.931589,0.577322,0.842174,100000000.0
3,0.330444,21,9,0.309883,9.759777,5.943374,7.166012,0.819186,0.553444,277.775303
3,0.193292,15,9,0.397887,9.867116,5.943486,5.837989,0.552538,0.57942,283.053959
2,0.412726,6,16,0.438713,19.748982,7.200441,17.414954,0.27012,0.864258,278.687963
2,0.611774,27,12,0.687122,5.602656,5.097835,10.991566,0.680416,0.507676,282.122404
3,0.37329,20,11,0.373108,8.844155,8.690109,6.577403,0.462417,0.522129,281.631086
2,0.845557,13,13,0.617572,8.306169,6.761435,17.418352,0.948141,0.374109,268.987015
2,0.613101,26,7,0.778019,11.047696,7.002738,15.132024,0.740369,0.665137,248.886593
2,0.60302,24,10,0.680967,10.277662,5.394182,15.070646,0.542369,0.651947,276.475718
4,0.317689,25,17,0.61107,9.630294,7.360359,18.483712,0.299649,0.246681,276.388317
2,0.686475,23,10,0.500969,12.329999,4.909364,11.072646,0.453904,0.61258,256.369193
3,0.506477,24,7,0.677848,12.466236,8.909362,15.070646,0.651904,0.68136,276.279625
3,0.433103,25,7,0.598021,14.181022,9.099782,11.134024,0.555162,0.753721,274.017906
2,0.613101,15,11,0.45225,10.181024,9.224143,15.132024,0.703233,0.652957,264.589413
2,0.433103,13,8,0.401315,7.962252,6.024539,11.134024,0.505233,0.544464,252.097883
4,0.537841,29,12,0.536367,12.860234,5.184499,13.041429,0.454092,0.753687,263.726112
2,0.855263,4,3,0.830587,16.472823,5.041491,14.350905,0.520877,0.843251,246.149509
2,0.613101,18,8,0.302295,11.674341,4.23101,7.136024,0.417058,0.702591,320.948699
1,0.311957,4,14,0.766653,12.681772,2.975036,13.198925,0.872766,0.428136,264.235353
3,0.433103,25,12,0.482293,10.709155,8.231008,11.134024,0.467457,0.737693,267.253818
4,0.266917,6,20,0.483841,13.991788,10.991805,3.268642,0.762265,0.337021,284.805214
4,0.434502,4,14,0.640418,18.490364,9.468867,3.737464,0.20509,0.468691,280.225365
2,0.499875,18,10,0.538017,9.432065,6.340414,11.134024,0.680214,0.623702,260.200757
3,0.527017,19,10,0.351094,8.818209,7.142931,9.054983,0.384394,0.620657,276.053775
2,0.494652,18,9,0.531092,10.900105,5.84867,6.852574,0.582394,0.61837,282.479672
3,0.314654,17,10,0.3809,9.91742,7.228354,10.850574,0.605195,0.654914,264.70019
3,0.494652,24,10,0.313441,8.627128,7.942921,9.645315,0.663053,0.550275,100000000.0
3,0.433103,25,7,0.598021,14.359937,9.725524,11.134024,0.641211,0.801555,281.306055
3,0.451099,32,11,0.418023,11.572127,10.019937,10.110282,0.443211,0.745138,275.588505
3,0.227995,21,9,0.334527,11.572127,8.895944,10.110282,0.500243,0.651316,268.471427
3,0.184516,31,5,0.514525,10.03365,4.895946,12.806761,0.391735,0.688679,241.548137
3,0.510234,22,10,0.493439,10.907142,8.519286,8.51349,0.71132,0.705138,276.424597
2,0.330236,18,9,0.333278,10.471099,8.208097,12.51149,0.51332,0.52514,272.068349
2,0.161075,21,9,0.682224,13.427705,5.371179,8.808761,0.409822,0.777078,286.826468
2,0.150238,21,11,0.415884,9.31605,7.187911,8.51349,0.703793,0.559948,260.134614
3,0.330236,19,10,0.427972,10.155672,6.858338,12.51149,0.741539,0.710978,278.294455
3,0.148156,26,12,0.502226,12.503555,6.100891,6.949627,0.463336,0.618776,294.349981
3,0.371957,29,7,0.502226,11.996473,9.675074,8.12691,0.467528,0.75422,252.716277
3,0.276422,20,5,0.512737,8.671595,5.675076,12.12491,0.275522,0.705713,275.976526
3,0.228263,29,5,0.653171,12.671593,9.675074,16.12291,0.473522,0.691628,272.164153
3,0.540299,23,7,0.680285,8.875452,6.465546,12.51149,0.4225,0.622302,271.258487
2,0.797164,33,13,0.554953,17.073607,8.299219,15.721695,0.458044,0.172602,298.597431
3,0.726772,18,1,0.571279,10.018353,9.213094,10.873361,0.649965,0.470442,100000000.0
2,0.580468,20,11,0.500287,9.144248,3.460385,13.443168,0.558118,0.630173,269.842791
3,0.319886,26,9,0.680406,8.671595,8.208868,15.328848,0.438243,0.733907,264.747993
3,0.40047,21,8,0.462951,10.709461,7.460383,9.445168,0.756118,0.521768,242.239826
3,0.220472,22,8,0.642949,10.254647,8.349267,10.892515,0.558118,0.576511,266.470416
2,0.665559,22,9,0.655928,10.368696,5.597237,15.289831,0.750141,0.554107,332.138185
3,0.5189,34,10,0.66802,11.057084,8.914786,15.132024,0.588894,0.710306,286.515454
3,0.216363,18,12,0.340209,9.173641,7.735718,10.378491,0.620284,0.479826,227.761193
3,0.124819,17,11,0.520207,11.528335,8.023579,6.380491,0.422284,0.659824,284.3896
2,0.197152,6,10,0.203688,10.666057,6.503771,10.441162,0.347503,0.586883,270.864359
3,0.250535,26,5,0.500408,12.671593,5.230492,12.487823,0.486884,0.64478,276.997621
2,0.124819,20,12,0.416206,10.423151,8.963714,6.380491,0.476879,0.603244,282.090834
2,0.334876,22,10,0.598953,14.987206,6.880866,14.071255,0.510438,0.703251,276.931864
3,0.545804,4,10,0.721396,18.46283,11.147514,11.187549,0.910509,0.179384,280.099287
3,0.304817,20,10,0.492172,10.616207,9.769246,10.378491,0.657461,0.662259,274.111153
3,0.250535,25,9,0.479529,10.702179,5.191886,4.491823,0.469619,0.598431,291.31507
2,0.074712,21,12,0.250482,10.781116,6.451254,12.116751,0.550374,0.636946,266.783652
3,0.117906,20,10,0.43048,10.667745,8.694064,15.33329,0.564216,0.456948,100000000.0
3,0.172305,23,12,0.203766,11.266242,8.037826,7.33729,0.401673,0.681426,100000000.0
3,0.430533,19,7,0.521195,10.305605,9.191884,8.489823,0.464009,0.778429,275.861219
3,0.321496,14,11,0.383764,8.952394,7.326115,11.33529,0.558799,0.647625,275.01494
2,0.496274,19,11,0.476285,10.049909,9.195747,10.38849,0.487318,0.478126,221.181285
2,0.374309,19,11,0.390111,8.443216,6.282195,10.38849,0.376641,0.60363,279.218904
2,0.194311,23,10,0.266715,11.322539,9.240341,6.39049,0.574641,0.658376,292.832739
3,0.23122,15,11,0.361878,10.702682,9.413597,8.759581,0.651097,0.585359,278.107624
3,0.411218,23,13,0.493921,7.418421,6.939129,6.147915,0.453097,0.652849,282.726158
3,0.23122,18,12,0.533374,11.418419,8.750673,5.603665,0.478518,0.472851,275.355526
2,0.309763,18,12,0.353376,11.906269,9.569093,9.601665,0.569594,0.601994,276.753473
2,0.443589,22,12,0.511851,10.616964,6.637119,17.787412,0.629978,0.527015,277.538393
3,0.158904,30,9,0.321236,12.734259,11.478646,14.376491,0.535619,0.732757,274.01168
2,0.338902,20,10,0.141238,8.734261,7.478648,11.742958,0.48029,0.552759,100000000.0
3,0.387895,17,10,0.388897,10.208261,8.534494,11.742958,0.48029,0.261564,256.046594
3,0.207897,17,11,0.258574,10.015052,7.357062,14.847533,0.438958,0.441562,225.539915
2,0.358953,14,11,0.2735,10.61269,9.121654,6.791563,0.563887,0.472939,277.078857
2,0.285258,16,10,0.263275,8.300649,6.942522,7.551199,0.431444,0.547621,272.967439
2,0.1884,18,11,0.367307,8.894275,8.000225,15.547199,0.450982,0.616526,342.027198
3,0.250535,28,6,0.341197,10.247192,8.992415,4.491823,0.420731,0.731269,304.426156
3,0.1884,9,9,0.224188,8.37952,7.204224,7.551199,0.481952,0.463192,276.503699
3,0.196538,36,8,0.521195,10.265232,4.992417,8.489823,0.467565,0.668019,257.462052
3,0.221823,18,10,0.347725,9.059042,6.384569,8.685642,0.481952,0.397567,278.052318
2,0.401821,14,10,0.337423,7.583294,7.225495,9.041445,0.540094,0.577565,280.32609
2,0.123758,13,11,0.339421,9.434037,7.225495,3.906713,0.540094,0.67107,100000000.0
1,0.623587,13,10,0.338625,8.276716,5.23656,16.327162,0.740918,0.347017,253.451301
3,0.164908,20,6,0.462751,9.482805,7.478648,15.436358,0.348482,0.766414,275.744844
3,0.344906,29,10,0.430537,13.482803,7.829318,11.438358,0.301553,0.856451,286.2295
2,0.306757,17,9,0.584489,6.864366,6.423672,1.341761,0.499553,0.429104,280.061275
2,0.272723,15,10,0.306137,7.331205,4.957452,9.337761,0.682463,0.509502,272.046416
3,0.176854,15,12,0.486135,8.167935,7.562566,13.335761,0.873706,0.461157,260.910056
3,0.594727,15,10,0.258241,17.458735,8.992408,14.167643,0.856496,0.720356,246.104197
2,0.648465,40,12,0.537726,9.788131,2.330465,12.100484,0.434225,0.603713,311.192631
2,0.582554,24,14,0.273316,15.50758,8.360258,8.977814,0.599484,0.597098,293.650511
3,0.209579,14,12,0.306137,9.408331,8.666522,9.337761,0.675706,0.541689,276.80925
3,0.285309,25,14,0.445234,11.13882,4.393717,8.914316,0.355546,0.493828,273.371225
3,0.888477,33,11,0.665232,10.411745,6.503666,11.104477,0.906999,0.539584,283.39338
3,0.30512,37,5,0.360636,8.913859,6.70985,7.845487,0.21964,0.476623,268.402884
3,0.494059,16,13,0.637403,12.6412,6.142181,14.913637,0.635818,0.378625,214.183412
3,0.518882,34,10,0.668003,11.056945,8.914568,15.132024,0.588894,0.710316,276.953101
3,0.318152,27,9,0.47308,10.269076,8.992415,12.487823,0.396429,0.742744,274.448034
2,0.234728,27,4,0.269185,10.327964,6.912463,14.118159,0.569062,0.659069,274.565439
3,0.414726,29,6,0.449183,10.475874,3.833393,10.15461,0.493671,0.726659,272.405157
3,0.485561,32,5,0.722551,12.443442,4.915591,17.217382,0.552141,0.734105,263.702225
3,0.445047,32,11,0.537023,11.518912,5.725526,7.136024,0.443211,0.810571,257.380549
3,0.226851,15,8,0.616015,11.98002,7.302506,2.291594,0.443211,0.612693,278.984065
3,0.478362,13,10,0.670403,8.118138,6.9583,9.912385,0.864008,0.655671,277.971679
2,0.298364,12,10,0.490405,7.631198,6.50342,9.398833,0.666008,0.475673,278.828424
3,0.298364,8,9,0.340017,9.199861,8.374466,9.398833,0.592779,0.58961,270.619913
2,0.415873,14,9,0.520015,8.627455,8.248367,11.976113,0.394779,0.474022,248.750042
3,0.427013,19,12,0.490534,9.590971,7.302506,10.287594,0.535143,0.787272,391.002121
2,0.464219,10,10,0.661064,6.54876,6.314405,16.407568,0.742344,0.410642,277.480009
3,0.341293,6,20,0.361282,14.041672,8.902883,10.041127,0.710109,0.337102,261.100316
2,0.333406,20,10,0.38573,9.303124,8.320316,9.474693,0.538624,0.539277,291.951604
3,0.238545,18,10,0.554679,12.518171,9.688219,5.476693,0.340624,0.577764,272.78193
2,0.294173,18,11,0.520552,8.518173,8.356426,9.474693,0.538624,0.624419,269.556628
2,0.247015,18,11,0.656318,12.448059,6.209578,7.873193,0.355986,0.719715,279.738236
3,0.411414,22,9,0.47632,12.025751,10.209576,8.742484,0.283723,0.666345,266.628612
3,0.231416,26,10,0.504062,12.322606,10.146143,4.744484,0.481723,0.778156,100000000.0
2,0.311422,16,10,0.510057,10.534931,6.146145,8.742484,0.423235,0.71486,265.105557
3,0.359362,20,6,0.525963,13.883596,10.146143,12.740484,0.338875,0.625073,271.962503
3,0.366955,25,7,0.598021,15.829206,9.767972,9.53052,0.676487,0.750967,278.783847
3,0.474171,17,9,0.340554,9.481982,4.356428,9.496047,0.582444,0.593339,281.893028
3,0.110924,16,9,0.578536,12.285135,9.186727,12.740484,0.338871,0.73385,233.714182
3,0.290922,25,8,0.398538,9.710921,8.792406,8.742484,0.402288,0.63875,273.224666
3,0.171797,21,11,0.578536,11.017738,9.918673,12.740484,0.487198,0.793405,261.199738
2,0.177251,20,9,0.42016,15.017736,7.568054,12.889851,0.38677,0.655352,268.573472
3,0.357249,24,10,0.600158,13.909348,11.568052,16.887851,0.341213,0.694131,260.97219
2,0.158886,15,13,0.308007,9.673786,7.459246,16.316279,0.369951,0.523814,278.241633
3,0.537247,20,11,0.42016,9.90935,7.568054,12.889851,0.539213,0.70587,263.905612
3,0.357249,19,11,0.45801,11.44596,3.568056,15.963544,0.521114,0.670357,279.149962
3,0.250588,26,7,0.638008,11.8423,7.568054,17.575569,0.33367,0.72511,271.574665
3,0.430586,23,7,0.721673,12.58023,10.468853,13.577569,0.447228,0.730565,265.041316
3,0.250588,21,10,0.625586,14.560788,7.254621,15.521035,0.377574,0.726089,271.513323
3,0.430586,22,9,0.636484,11.014711,3.716675,11.523035,0.559822,0.716325,270.219503
3,0.508104,26,8,0.740069,13.45505,5.765001,17.169717,0.488327,0.732687,254.243211
3,0.226851,22,8,0.616015,11.98002,6.919179,2.2817,0.443211,0.828536,100000000.0
2,0.259171,32,10,0.436017,13.045623,5.937255,1.882594,0.466359,0.648538,281.571221
3,0.439169,34,9,0.491623,13.428454,9.083281,5.880594,0.513233,0.828536,292.090493
2,0.294173,19,11,0.520552,9.975031,8.356426,13.494047,0.780444,0.584168,325.331627
3,0.474171,19,11,0.70055,9.035474,6.243175,11.224202,0.582444,0.673724,268.583114
2,0.478256,16,10,0.520552,9.632219,9.554725,7.226202,0.384444,0.627782,276.005796
3,0.362803,18,10,0.576058,10.998383,6.473719,2.852056,0.492564,0.60898,286.191762
2,0.479069,18,11,0.756056,8.482045,3.656564,6.850056,0.600892,0.627177,283.410481
2,0.355281,17,11,0.576058,10.065035,7.247025,8.777374,0.581439,0.640774,267.57775
3,0.188911,21,9,0.576058,9.058391,7.455189,12.991792,0.581439,0.607927,297.08069
2,0.199776,16,11,0.756056,10.916212,6.45802,12.366431,0.420565,0.618115,322.137936
3,0.379774,17,11,0.587599,7.90125,5.517545,11.370249,0.481615,0.667608,279.244079
2,0.577489,19,9,0.784568,10.548758,5.220601,15.965538,0.705486,0.59064,265.341894
3,0.299851,29,9,0.204217,10.993979,7.829318,11.507103,0.617623,0.719275,274.167881
3,0.17954,16,12,0.305938,9.904338,7.464803,10.783017,0.569002,0.658569,261.501659
2,0.370915,18,11,0.373224,9.718725,6.504411,18.779017,0.361529,0.552902,278.347129
3,0.413438,24,12,0.232452,10.032958,8.123722,14.781017,0.299607,0.527528,274.818786
3,0.493917,21,14,0.636612,9.627477,8.823249,10.249098,0.546351,0.728194,277.435917
2,0.641526,28,13,0.60457,9.915335,8.002823,17.015274,0.658331,0.545924,282.608115
3,0.130647,20,5,0.384215,14.993977,9.666471,7.509103,0.419623,0.653442,257.875657
1,0.613101,36,15,0.657001,13.571997,2.880916,15.132024,0.755198,0.896267,271.242276
3,0.473955,35,3,0.893537,14.503165,3.586655,18.403777,0.648395,0.707795,276.091209
2,0.310645,12,9,0.387561,10.993979,7.596561,11.507103,0.617623,0.744244,278.9197
1,0.490643,19,13,0.462282,6.993981,6.12997,7.509103,0.419623,0.682433,100000000.0
3,0.273212,14,15,0.276801,8.272422,6.036973,14.80472,0.689208,0.673532,275.35143
2,0.328398,14,11,0.338629,9.016074,8.479665,8.819366,0.366779,0.664697,278.000722
3,0.328398,16,11,0.40822,8.750772,7.920006,5.837888,0.366779,0.727006,299.385787
3,0.176089,20,15,0.391526,9.343292,8.111236,5.734902,0.595513,0.68243,292.291973
3,0.356087,18,16,0.392532,8.629941,8.531846,5.86388,0.397513,0.674513,100000000.0
2,0.561035,19,17,0.58254,8.065574,5.377378,16.561467,0.611718,0.725922,278.987981
3,0.302252,25,5,0.459367,10.993979,7.458042,11.507103,0.617623,0.83344,279.762168
2,0.302252,24,13,0.459367,11.237239,6.736403,8.717259,0.468592,0.542605,269.142418
3,0.122254,28,13,0.639365,14.430849,10.736401,11.039877,0.615607,0.722603,267.985031
2,0.302252,19,9,0.459367,10.430851,8.451193,14.505102,0.655956,0.590027,310.92765
3,0.48225,28,13,0.639365,9.331981,4.451195,10.507102,0.686042,0.498157,100000000.0
3,0.445067,32,11,0.537043,11.519082,5.725526,7.136024,0.443211,0.810566,260.072731
3,0.302252,19,13,0.680467,12.246243,3.165037,6.509102,0.488042,0.477047,280.271819
3,0.125244,23,11,0.290628,11.310023,8.550123,15.465961,0.38012,0.676513,284.55814
3,0.482099,22,7,0.528777,7.518914,6.054288,8.956953,0.405558,0.630573,100000000.0
